cadence_sec,dataset,granularity,max_residual,mean_residual,median_residual,n,p95_residual,payload_mode,positive_share,relay_radius_m,skip_count
60,geolife,coarse,0.018792020279951506,0.008492990757210397,0.007589971374445042,4,0.017956379071448023,cell,0.75,0,10
60,geolife,coarse,0.12067352666043031,0.059521048279437334,0.057647278380546285,14,0.1056244667255168,cell,0.9285714285714286,100,0
60,geolife,coarse,0.1622700342999688,0.10201392164813859,0.10856219093186051,14,0.14485011078098617,cell,1.0,200,0
60,geolife,coarse,0.22600561272217026,0.16163746416269223,0.1678397132057881,14,0.21246641650400175,cell,1.0,400,0
60,geolife,coarse,0.04659154929577465,0.020932428037539558,0.016006549584939894,6,0.04620142594698627,intra_cell,0.8333333333333334,0,8
60,geolife,coarse,0.14667913938260055,0.09951839787990599,0.1041945046049436,14,0.14064063950275257,intra_cell,1.0,100,0
60,geolife,coarse,0.1875272840661054,0.1293628151370269,0.13126479231430585,14,0.17105179956576433,intra_cell,1.0,200,0
60,geolife,coarse,0.2810102899906455,0.19374108023709757,0.1999878501317371,14,0.27935303098689757,intra_cell,1.0,400,0
120,geolife,coarse,0.018792020279951506,0.008492990757210397,0.007589971374445042,4,0.017956379071448023,cell,0.75,0,10
120,geolife,coarse,0.12067352666043031,0.059521048279437334,0.057647278380546285,14,0.1056244667255168,cell,0.9285714285714286,100,0
120,geolife,coarse,0.1622700342999688,0.10201392164813859,0.10856219093186051,14,0.14485011078098617,cell,1.0,200,0
120,geolife,coarse,0.22600561272217026,0.16163746416269223,0.1678397132057881,14,0.21246641650400175,cell,1.0,400,0
120,geolife,coarse,0.04659154929577465,0.020932428037539558,0.016006549584939894,6,0.04620142594698627,intra_cell,0.8333333333333334,0,8
120,geolife,coarse,0.14667913938260055,0.09951839787990599,0.1041945046049436,14,0.14064063950275257,intra_cell,1.0,100,0
120,geolife,coarse,0.1875272840661054,0.1293628151370269,0.13126479231430585,14,0.17105179956576433,intra_cell,1.0,200,0
120,geolife,coarse,0.2810102899906455,0.19374108023709757,0.1999878501317371,14,0.27935303098689757,intra_cell,1.0,400,0
300,geolife,coarse,0.018792020279951506,0.008492990757210397,0.007589971374445042,4,0.017956379071448023,cell,0.75,0,10
300,geolife,coarse,0.12067352666043031,0.059521048279437334,0.057647278380546285,14,0.1056244667255168,cell,0.9285714285714286,100,0
300,geolife,coarse,0.1622700342999688,0.10201392164813859,0.10856219093186051,14,0.14485011078098617,cell,1.0,200,0
300,geolife,coarse,0.22600561272217026,0.16163746416269223,0.1678397132057881,14,0.21246641650400175,cell,1.0,400,0
300,geolife,coarse,0.04659154929577465,0.020932428037539558,0.016006549584939894,6,0.04620142594698627,intra_cell,0.8333333333333334,0,8
300,geolife,coarse,0.14667913938260055,0.09951839787990599,0.1041945046049436,14,0.14064063950275257,intra_cell,1.0,100,0
300,geolife,coarse,0.1875272840661054,0.1293628151370269,0.13126479231430585,14,0.17105179956576433,intra_cell,1.0,200,0
300,geolife,coarse,0.2810102899906455,0.19374108023709757,0.1999878501317371,14,0.27935303098689757,intra_cell,1.0,400,0
60,geolife,fine,0.018792020279951506,0.008492990757210397,0.007589971374445042,4,0.017956379071448023,cell,0.75,0,10
60,geolife,fine,0.12385406922357343,0.0497607669290059,0.048122516640023066,14,0.0860841354958563,cell,1.0,100,0
60,geolife,fine,0.1622700342999688,0.08872405112572923,0.08075362743610279,14,0.13497251107142752,cell,1.0,200,0
60,geolife,fine,0.22600561272217026,0.15461753908676187,0.15047154266032764,14,0.20859356785740646,cell,1.0,400,0
60,geolife,fine,0.04659154929577465,0.020932428037539558,0.016006549584939894,6,0.04620142594698627,intra_cell,0.8333333333333334,0,8
60,geolife,fine,0.14667913938260055,0.08564898733221796,0.08032381710132015,14,0.12493087341178218,intra_cell,1.0,100,0
60,geolife,fine,0.1875272840661054,0.1206035606992494,0.1143304393165124,14,0.16531342266257348,intra_cell,1.0,200,0
60,geolife,fine,0.24658559401309635,0.18387217274953788,0.19768776989638004,14,0.23607960579190765,intra_cell,1.0,400,0
120,geolife,fine,0.018792020279951506,0.008492990757210397,0.007589971374445042,4,0.017956379071448023,cell,0.75,0,10
120,geolife,fine,0.12385406922357343,0.0497607669290059,0.048122516640023066,14,0.0860841354958563,cell,1.0,100,0
120,geolife,fine,0.1622700342999688,0.08872405112572923,0.08075362743610279,14,0.13497251107142752,cell,1.0,200,0
120,geolife,fine,0.22600561272217026,0.15461753908676187,0.15047154266032764,14,0.20859356785740646,cell,1.0,400,0
120,geolife,fine,0.04659154929577465,0.020932428037539558,0.016006549584939894,6,0.04620142594698627,intra_cell,0.8333333333333334,0,8
120,geolife,fine,0.14667913938260055,0.08564898733221796,0.08032381710132015,14,0.12493087341178218,intra_cell,1.0,100,0
120,geolife,fine,0.1875272840661054,0.1206035606992494,0.1143304393165124,14,0.16531342266257348,intra_cell,1.0,200,0
120,geolife,fine,0.24658559401309635,0.18387217274953788,0.19768776989638004,14,0.23607960579190765,intra_cell,1.0,400,0
300,geolife,fine,0.018792020279951506,0.008492990757210397,0.007589971374445042,4,0.017956379071448023,cell,0.75,0,10
300,geolife,fine,0.12385406922357343,0.0497607669290059,0.048122516640023066,14,0.0860841354958563,cell,1.0,100,0
300,geolife,fine,0.1622700342999688,0.08872405112572923,0.08075362743610279,14,0.13497251107142752,cell,1.0,200,0
300,geolife,fine,0.22600561272217026,0.15461753908676187,0.15047154266032764,14,0.20859356785740646,cell,1.0,400,0
300,geolife,fine,0.04659154929577465,0.020932428037539558,0.016006549584939894,6,0.04620142594698627,intra_cell,0.8333333333333334,0,8
300,geolife,fine,0.14667913938260055,0.08564898733221796,0.08032381710132015,14,0.12493087341178218,intra_cell,1.0,100,0
300,geolife,fine,0.1875272840661054,0.1206035606992494,0.1143304393165124,14,0.16531342266257348,intra_cell,1.0,200,0
300,geolife,fine,0.24658559401309635,0.18387217274953788,0.19768776989638004,14,0.23607960579190765,intra_cell,1.0,400,0
60,geolife,medium,0.018792020279951506,0.008492990757210397,0.007589971374445042,4,0.017956379071448023,cell,0.75,0,10
60,geolife,medium,0.12067352666043031,0.04913723162968955,0.048122516640023066,14,0.08497094559875623,cell,0.9285714285714286,100,0
60,geolife,medium,0.1622700342999688,0.08755178902994445,0.08075362743610279,14,0.12981458357804027,cell,1.0,200,0
60,geolife,medium,0.22600561272217026,0.15288823706947557,0.15047154266032764,14,0.20859356785740646,cell,1.0,400,0
60,geolife,medium,0.04659154929577465,0.020932428037539558,0.016006549584939894,6,0.04620142594698627,intra_cell,0.8333333333333334,0,8
60,geolife,medium,0.14667913938260055,0.08564898733221796,0.08032381710132015,14,0.12493087341178218,intra_cell,1.0,100,0
60,geolife,medium,0.1875272840661054,0.11739769616971299,0.10888589463778212,14,0.16212750716961574,intra_cell,1.0,200,0
60,geolife,medium,0.24658559401309635,0.18119400218060985,0.19677832182444704,14,0.23419925799275343,intra_cell,1.0,400,0
120,geolife,medium,0.018792020279951506,0.008492990757210397,0.007589971374445042,4,0.017956379071448023,cell,0.75,0,10
120,geolife,medium,0.12067352666043031,0.04913723162968955,0.048122516640023066,14,0.08497094559875623,cell,0.9285714285714286,100,0
120,geolife,medium,0.1622700342999688,0.08755178902994445,0.08075362743610279,14,0.12981458357804027,cell,1.0,200,0
120,geolife,medium,0.22600561272217026,0.15288823706947557,0.15047154266032764,14,0.20859356785740646,cell,1.0,400,0
120,geolife,medium,0.04659154929577465,0.020932428037539558,0.016006549584939894,6,0.04620142594698627,intra_cell,0.8333333333333334,0,8
120,geolife,medium,0.14667913938260055,0.08564898733221796,0.08032381710132015,14,0.12493087341178218,intra_cell,1.0,100,0
120,geolife,medium,0.1875272840661054,0.11739769616971299,0.10888589463778212,14,0.16212750716961574,intra_cell,1.0,200,0
120,geolife,medium,0.24658559401309635,0.18119400218060985,0.19677832182444704,14,0.23419925799275343,intra_cell,1.0,400,0
300,geolife,medium,0.018792020279951506,0.008492990757210397,0.007589971374445042,4,0.017956379071448023,cell,0.75,0,10
300,geolife,medium,0.12067352666043031,0.04913723162968955,0.048122516640023066,14,0.08497094559875623,cell,0.9285714285714286,100,0
300,geolife,medium,0.1622700342999688,0.08755178902994445,0.08075362743610279,14,0.12981458357804027,cell,1.0,200,0
300,geolife,medium,0.22600561272217026,0.15288823706947557,0.15047154266032764,14,0.20859356785740646,cell,1.0,400,0
300,geolife,medium,0.04659154929577465,0.020932428037539558,0.016006549584939894,6,0.04620142594698627,intra_cell,0.8333333333333334,0,8
300,geolife,medium,0.14667913938260055,0.08564898733221796,0.08032381710132015,14,0.12493087341178218,intra_cell,1.0,100,0
300,geolife,medium,0.1875272840661054,0.11739769616971299,0.10888589463778212,14,0.16212750716961574,intra_cell,1.0,200,0
300,geolife,medium,0.24658559401309635,0.18119400218060985,0.19677832182444704,14,0.23419925799275343,intra_cell,1.0,400,0
60,porto,coarse,0.0,0.0,0.0,1,0.0,cell,0.0,0,7
60,porto,coarse,0.1705348133198789,0.11833446486422798,0.11090965122102864,8,0.1589767212678371,cell,1.0,100,0
60,porto,coarse,0.17964071856287425,0.14810560594700575,0.147167663128335,8,0.17645365172782587,cell,1.0,200,0
60,porto,coarse,0.17964071856287425,0.14979903294148644,0.147167663128335,8,0.17645365172782587,cell,1.0,400,0
60,porto,coarse,0.146866230121609,0.0734331150608045,0.0734331150608045,2,0.13952291861552854,intra_cell,0.5,0,6
60,porto,coarse,0.2714429868819374,0.20857790892052136,0.20271602647228115,8,0.2665577019523012,intra_cell,1.0,100,0
60,porto,coarse,0.27944111776447106,0.21760919215697772,0.20762017270500516,8,0.27664177195558426,intra_cell,1.0,200,0
60,porto,coarse,0.27944111776447106,0.21760919215697772,0.20762017270500516,8,0.27664177195558426,intra_cell,1.0,400,0
120,porto,coarse,0.0,0.0,0.0,1,0.0,cell,0.0,0,7
120,porto,coarse,0.1705348133198789,0.11833446486422798,0.11090965122102864,8,0.1589767212678371,cell,1.0,100,0
120,porto,coarse,0.17964071856287425,0.14810560594700575,0.147167663128335,8,0.17645365172782587,cell,1.0,200,0
120,porto,coarse,0.17964071856287425,0.14979903294148644,0.147167663128335,8,0.17645365172782587,cell,1.0,400,0
120,porto,coarse,0.146866230121609,0.0734331150608045,0.0734331150608045,2,0.13952291861552854,intra_cell,0.5,0,6
120,porto,coarse,0.2714429868819374,0.20857790892052136,0.20271602647228115,8,0.2665577019523012,intra_cell,1.0,100,0
120,porto,coarse,0.27944111776447106,0.21760919215697772,0.20762017270500516,8,0.27664177195558426,intra_cell,1.0,200,0
120,porto,coarse,0.27944111776447106,0.21760919215697772,0.20762017270500516,8,0.27664177195558426,intra_cell,1.0,400,0
300,porto,coarse,0.0,0.0,0.0,1,0.0,cell,0.0,0,7
300,porto,coarse,0.1705348133198789,0.11833446486422798,0.11090965122102864,8,0.1589767212678371,cell,1.0,100,0
300,porto,coarse,0.17964071856287425,0.14810560594700575,0.147167663128335,8,0.17645365172782587,cell,1.0,200,0
300,porto,coarse,0.17964071856287425,0.14979903294148644,0.147167663128335,8,0.17645365172782587,cell,1.0,400,0
300,porto,coarse,0.146866230121609,0.0734331150608045,0.0734331150608045,2,0.13952291861552854,intra_cell,0.5,0,6
300,porto,coarse,0.2714429868819374,0.20857790892052136,0.20271602647228115,8,0.2665577019523012,intra_cell,1.0,100,0
300,porto,coarse,0.27944111776447106,0.21760919215697772,0.20762017270500516,8,0.27664177195558426,intra_cell,1.0,200,0
300,porto,coarse,0.27944111776447106,0.21760919215697772,0.20762017270500516,8,0.27664177195558426,intra_cell,1.0,400,0
60,porto,fine,0.0,0.0,0.0,1,0.0,cell,0.0,0,7
60,porto,fine,0.1705348133198789,0.11833446486422798,0.11090965122102864,8,0.1589767212678371,cell,1.0,100,0
60,porto,fine,0.17964071856287425,0.14810560594700575,0.147167663128335,8,0.17645365172782587,cell,1.0,200,0
60,porto,fine,0.17964071856287425,0.14979903294148644,0.147167663128335,8,0.17645365172782587,cell,1.0,400,0
60,porto,fine,0.146866230121609,0.0734331150608045,0.0734331150608045,2,0.13952291861552854,intra_cell,0.5,0,6
60,porto,fine,0.2714429868819374,0.20857790892052136,0.20271602647228115,8,0.2665577019523012,intra_cell,1.0,100,0
60,porto,fine,0.27944111776447106,0.21760919215697772,0.20762017270500516,8,0.27664177195558426,intra_cell,1.0,200,0
60,porto,fine,0.27944111776447106,0.21760919215697772,0.20762017270500516,8,0.27664177195558426,intra_cell,1.0,400,0
120,porto,fine,0.0,0.0,0.0,1,0.0,cell,0.0,0,7
120,porto,fine,0.1705348133198789,0.11833446486422798,0.11090965122102864,8,0.1589767212678371,cell,1.0,100,0
120,porto,fine,0.17964071856287425,0.14810560594700575,0.147167663128335,8,0.17645365172782587,cell,1.0,200,0
120,porto,fine,0.17964071856287425,0.14979903294148644,0.147167663128335,8,0.17645365172782587,cell,1.0,400,0
120,porto,fine,0.146866230121609,0.0734331150608045,0.0734331150608045,2,0.13952291861552854,intra_cell,0.5,0,6
120,porto,fine,0.2714429868819374,0.20857790892052136,0.20271602647228115,8,0.2665577019523012,intra_cell,1.0,100,0
120,porto,fine,0.27944111776447106,0.21760919215697772,0.20762017270500516,8,0.27664177195558426,intra_cell,1.0,200,0
120,porto,fine,0.27944111776447106,0.21760919215697772,0.20762017270500516,8,0.27664177195558426,intra_cell,1.0,400,0
300,porto,fine,0.0,0.0,0.0,1,0.0,cell,0.0,0,7
300,porto,fine,0.1705348133198789,0.11833446486422798,0.11090965122102864,8,0.1589767212678371,cell,1.0,100,0
300,porto,fine,0.17964071856287425,0.14810560594700575,0.147167663128335,8,0.17645365172782587,cell,1.0,200,0
300,porto,fine,0.17964071856287425,0.14979903294148644,0.147167663128335,8,0.17645365172782587,cell,1.0,400,0
300,porto,fine,0.146866230121609,0.0734331150608045,0.0734331150608045,2,0.13952291861552854,intra_cell,0.5,0,6
300,porto,fine,0.2714429868819374,0.20857790892052136,0.20271602647228115,8,0.2665577019523012,intra_cell,1.0,100,0
300,porto,fine,0.27944111776447106,0.21760919215697772,0.20762017270500516,8,0.27664177195558426,intra_cell,1.0,200,0
300,porto,fine,0.27944111776447106,0.21760919215697772,0.20762017270500516,8,0.27664177195558426,intra_cell,1.0,400,0
60,porto,medium,0.0,0.0,0.0,1,0.0,cell,0.0,0,7
60,porto,medium,0.1705348133198789,0.11833446486422798,0.11090965122102864,8,0.1589767212678371,cell,1.0,100,0
60,porto,medium,0.17964071856287425,0.14810560594700575,0.147167663128335,8,0.17645365172782587,cell,1.0,200,0
60,porto,medium,0.17964071856287425,0.14979903294148644,0.147167663128335,8,0.17645365172782587,cell,1.0,400,0
60,porto,medium,0.146866230121609,0.0734331150608045,0.0734331150608045,2,0.13952291861552854,intra_cell,0.5,0,6
60,porto,medium,0.2714429868819374,0.20857790892052136,0.20271602647228115,8,0.2665577019523012,intra_cell,1.0,100,0
60,porto,medium,0.27944111776447106,0.21760919215697772,0.20762017270500516,8,0.27664177195558426,intra_cell,1.0,200,0
60,porto,medium,0.27944111776447106,0.21760919215697772,0.20762017270500516,8,0.27664177195558426,intra_cell,1.0,400,0
120,porto,medium,0.0,0.0,0.0,1,0.0,cell,0.0,0,7
120,porto,medium,0.1705348133198789,0.11833446486422798,0.11090965122102864,8,0.1589767212678371,cell,1.0,100,0
120,porto,medium,0.17964071856287425,0.14810560594700575,0.147167663128335,8,0.17645365172782587,cell,1.0,200,0
120,porto,medium,0.17964071856287425,0.14979903294148644,0.147167663128335,8,0.17645365172782587,cell,1.0,400,0
120,porto,medium,0.146866230121609,0.0734331150608045,0.0734331150608045,2,0.13952291861552854,intra_cell,0.5,0,6
120,porto,medium,0.2714429868819374,0.20857790892052136,0.20271602647228115,8,0.2665577019523012,intra_cell,1.0,100,0
120,porto,medium,0.27944111776447106,0.21760919215697772,0.20762017270500516,8,0.27664177195558426,intra_cell,1.0,200,0
120,porto,medium,0.27944111776447106,0.21760919215697772,0.20762017270500516,8,0.27664177195558426,intra_cell,1.0,400,0
300,porto,medium,0.0,0.0,0.0,1,0.0,cell,0.0,0,7
300,porto,medium,0.1705348133198789,0.11833446486422798,0.11090965122102864,8,0.1589767212678371,cell,1.0,100,0
300,porto,medium,0.17964071856287425,0.14810560594700575,0.147167663128335,8,0.17645365172782587,cell,1.0,200,0
300,porto,medium,0.17964071856287425,0.14979903294148644,0.147167663128335,8,0.17645365172782587,cell,1.0,400,0
300,porto,medium,0.146866230121609,0.0734331150608045,0.0734331150608045,2,0.13952291861552854,intra_cell,0.5,0,6
300,porto,medium,0.2714429868819374,0.20857790892052136,0.20271602647228115,8,0.2665577019523012,intra_cell,1.0,100,0
300,porto,medium,0.27944111776447106,0.21760919215697772,0.20762017270500516,8,0.27664177195558426,intra_cell,1.0,200,0
300,porto,medium,0.27944111776447106,0.21760919215697772,0.20762017270500516,8,0.27664177195558426,intra_cell,1.0,400,0
60,rome,coarse,0.01282623243363819,0.0024366931169378324,0.0006478491408523702,19,0.007244009962537993,cell,0.5263157894736842,0,47
60,rome,coarse,0.11136192626034612,0.040608009807512994,0.037521854844426175,66,0.0805768412196594,cell,1.0,100,0
60,rome,coarse,0.15500376222723852,0.055887703186022535,0.04986949496143366,66,0.13070904759680507,cell,1.0,200,0
60,rome,coarse,0.23639774859287055,0.07661411751539098,0.06551870157015743,66,0.18594025087374055,cell,1.0,400,0
60,rome,coarse,0.02036036036036036,0.0056627069361991425,0.004951935953679457,32,0.014933451134809629,intra_cell,0.71875,0,34
60,rome,coarse,0.15500376222723852,0.049889940851793185,0.0436505178768993,66,0.10435228925975258,intra_cell,1.0,100,0
60,rome,coarse,0.19569495694956948,0.06433064679652323,0.05653622872923052,66,0.14662554976684822,intra_cell,1.0,200,0
60,rome,coarse,0.25719557195571957,0.07934429882375331,0.06551870157015743,66,0.1868695037544245,intra_cell,1.0,400,0
120,rome,coarse,0.27060539752005836,0.047549818527631474,0.0,19,0.1801482970651154,cell,0.42105263157894735,0,47
120,rome,coarse,0.3055555555555556,0.15626607791194796,0.1395749510258185,66,0.26083766720631146,cell,1.0,100,0
120,rome,coarse,0.4071502057613169,0.19726318108761576,0.17909859533285732,66,0.30366616517538997,cell,1.0,200,0
120,rome,coarse,0.4071502057613169,0.23022615548028388,0.2281322559119724,66,0.31987474616850775,cell,1.0,400,0
120,rome,coarse,0.345679012345679,0.09797945056352175,0.05853640267652052,32,0.2883208392559782,intra_cell,0.65625,0,34
120,rome,coarse,0.5357510288065843,0.2824395200242205,0.2779010999634778,66,0.4319399601395117,intra_cell,1.0,100,0
120,rome,coarse,0.5357510288065843,0.30172418147238217,0.2830597746202842,66,0.44954046242774565,intra_cell,1.0,200,0
120,rome,coarse,0.5357510288065843,0.32612760564565096,0.3171326731248282,66,0.44954046242774565,intra_cell,1.0,400,0
300,rome,coarse,0.27060539752005836,0.047549818527631474,0.0,19,0.1801482970651154,cell,0.42105263157894735,0,47
300,rome,coarse,0.3055555555555556,0.15734506175847177,0.1395749510258185,66,0.26083766720631146,cell,1.0,100,0
300,rome,coarse,0.4071502057613169,0.19799457578241417,0.17909859533285732,66,0.30366616517538997,cell,1.0,200,0
300,rome,coarse,0.4071502057613169,0.23050179676896487,0.2281322559119724,66,0.31987474616850775,cell,1.0,400,0
300,rome,coarse,0.345679012345679,0.09797945056352175,0.05853640267652052,32,0.2883208392559782,intra_cell,0.65625,0,34
300,rome,coarse,0.5357510288065843,0.28433284072757076,0.2779010999634778,66,0.4319399601395117,intra_cell,1.0,100,0
300,rome,coarse,0.5357510288065843,0.3034049067121925,0.2830597746202842,66,0.44954046242774565,intra_cell,1.0,200,0
300,rome,coarse,0.5357510288065843,0.3265981720930035,0.3171326731248282,66,0.44954046242774565,intra_cell,1.0,400,0
60,rome,fine,0.01282623243363819,0.0023554719140585646,0.0,19,0.007244009962537993,cell,0.47368421052631576,0,47
60,rome,fine,0.11136192626034612,0.04058508741505241,0.037521854844426175,66,0.08124397944535555,cell,1.0,100,0
60,rome,fine,0.15500376222723852,0.05547538347546865,0.04986949496143366,66,0.12665585901678983,cell,1.0,200,0
60,rome,fine,0.23170501499674895,0.07608331193460229,0.06551870157015743,66,0.17995026130339656,cell,1.0,400,0
60,rome,fine,0.02036036036036036,0.005622947416903652,0.004813803577418056,32,0.015055355341572292,intra_cell,0.6875,0,34
60,rome,fine,0.15500376222723852,0.04959553918843066,0.0436505178768993,66,0.10667043857024704,intra_cell,1.0,100,0
60,rome,fine,0.1926260346124906,0.06389897119268928,0.05653622872923052,66,0.14583563728311089,intra_cell,1.0,200,0
60,rome,fine,0.2514873574615766,0.07885369951962033,0.06551870157015743,66,0.18088866060272507,intra_cell,1.0,400,0
120,rome,fine,0.22178988326848248,0.04341962238549647,0.0,19,0.17526674563995776,cell,0.42105263157894735,0,47
120,rome,fine,0.3055555555555556,0.15925795019476352,0.14083412067980078,66,0.28158039900707915,cell,1.0,100,0
120,rome,fine,0.4071502057613169,0.20368519692861117,0.18660467075960036,66,0.3424660694896851,cell,1.0,200,0
120,rome,fine,0.4071502057613169,0.2510272448580497,0.243386955573693,66,0.3738618477144044,cell,1.0,400,0
120,rome,fine,0.345679012345679,0.09565599882505207,0.05853640267652052,32,0.2784265851191987,intra_cell,0.65625,0,34
120,rome,fine,0.46196868008948544,0.2835777013199373,0.2665733388494682,66,0.45213421589627245,intra_cell,1.0,100,0
120,rome,fine,0.5357510288065843,0.3099018974075241,0.29422784898724313,66,0.4799217002237136,intra_cell,1.0,200,0
120,rome,fine,0.5357510288065843,0.3463479248049706,0.34446959534987703,66,0.5073939154973344,intra_cell,1.0,400,0
300,rome,fine,0.22178988326848248,0.04341962238549647,0.0,19,0.17526674563995776,cell,0.42105263157894735,0,47
300,rome,fine,0.3055555555555556,0.1608720369540012,0.1419895820099098,66,0.28158039900707915,cell,1.0,100,0
300,rome,fine,0.4071502057613169,0.20495169453612352,0.18852377062527625,66,0.3424660694896851,cell,1.0,200,0
300,rome,fine,0.4071502057613169,0.251868973753006,0.243386955573693,66,0.3738618477144044,cell,1.0,400,0
300,rome,fine,0.345679012345679,0.09565599882505207,0.05853640267652052,32,0.2784265851191987,intra_cell,0.65625,0,34
300,rome,fine,0.46196868008948544,0.28590399291485397,0.2665733388494682,66,0.45213421589627245,intra_cell,1.0,100,0
300,rome,fine,0.5357510288065843,0.31225909322442214,0.29422784898724313,66,0.4799217002237136,intra_cell,1.0,200,0
300,rome,fine,0.5357510288065843,0.3479747724059722,0.34446959534987703,66,0.5073939154973344,intra_cell,1.0,400,0
60,rome,medium,0.01282623243363819,0.002379044460362111,0.0,19,0.007244009962537993,cell,0.47368421052631576,0,47
60,rome,medium,0.11136192626034612,0.040464430625200776,0.037521854844426175,66,0.08119634314011535,cell,1.0,100,0
60,rome,medium,0.15500376222723852,0.055601267252686964,0.04986949496143366,66,0.12571896788688552,cell,1.0,200,0
60,rome,medium,0.23639774859287055,0.07621516288271543,0.06551870157015743,66,0.18594025087374055,cell,1.0,400,0
60,rome,medium,0.02036036036036036,0.0056326962966532085,0.004951935953679457,32,0.01499419393907059,intra_cell,0.6875,0,34
60,rome,medium,0.15500376222723852,0.04967572601278515,0.0436505178768993,66,0.10420077215724464,intra_cell,1.0,100,0
60,rome,medium,0.1926260346124906,0.06396728585825796,0.05647780437048494,66,0.14662554976684822,intra_cell,1.0,200,0
60,rome,medium,0.2514873574615766,0.07899540821124944,0.06551870157015743,66,0.1868695037544245,intra_cell,1.0,400,0
120,rome,medium,0.2469879518072289,0.0447458365191147,0.0,19,0.17778655249383243,cell,0.42105263157894735,0,47
120,rome,medium,0.3055555555555556,0.15553009202108908,0.13861066686520238,66,0.25368945304137885,cell,1.0,100,0
120,rome,medium,0.4071502057613169,0.19909848726369803,0.19029497363963838,66,0.30747836148370006,cell,1.0,200,0
120,rome,medium,0.4071502057613169,0.23400322783432412,0.21757287197645722,66,0.323868502987692,cell,1.0,400,0
120,rome,medium,0.345679012345679,0.09637788832796203,0.05853640267652052,32,0.2784265851191987,intra_cell,0.65625,0,34
120,rome,medium,0.5357510288065843,0.28099438563958745,0.2700188466105208,66,0.43133067092651756,intra_cell,1.0,100,0
120,rome,medium,0.5357510288065843,0.30394784006601416,0.2929447852760736,66,0.4641131360702927,intra_cell,1.0,200,0
120,rome,medium,0.5357510288065843,0.3312074234832739,0.3232184850344172,66,0.46569492546734165,intra_cell,1.0,400,0
300,rome,medium,0.2469879518072289,0.0447458365191147,0.0,19,0.17778655249383243,cell,0.42105263157894735,0,47
300,rome,medium,0.3055555555555556,0.15660907586761288,0.13915442343685275,66,0.25368945304137885,cell,1.0,100,0
300,rome,medium,0.4071502057613169,0.2000974334148534,0.19029497363963838,66,0.30747836148370006,cell,1.0,200,0
300,rome,medium,0.4071502057613169,0.2346057020066953,0.21757287197645722,66,0.323868502987692,cell,1.0,400,0
300,rome,medium,0.345679012345679,0.09637788832796203,0.05853640267652052,32,0.2784265851191987,intra_cell,0.65625,0,34
300,rome,medium,0.5357510288065843,0.282923532394868,0.2700188466105208,66,0.43133067092651756,intra_cell,1.0,100,0
300,rome,medium,0.5357510288065843,0.3059138330508098,0.2929447852760736,66,0.4641131360702927,intra_cell,1.0,200,0
300,rome,medium,0.5357510288065843,0.3320048228143167,0.3232184850344172,66,0.46569492546734165,intra_cell,1.0,400,0
