dataset,period_id,mode,empirical_anonymity_set,empirical_entropy_bits,distance_tol_m,fee_tol_cents
geolife,010-20080916114237-0,zone_priced_statement,1,0.0,505,2166
geolife,010-20080916114237-0,mixed_statement,1,0.0,505,
geolife,010-20080916114237-0,odometer_only_statement,1,0.0,505,
geolife,010-20080917225654-0,zone_priced_statement,1,0.0,409,1736
geolife,010-20080917225654-0,mixed_statement,1,0.0,409,
geolife,010-20080917225654-0,odometer_only_statement,1,0.0,409,
geolife,010-20080921224934-0,zone_priced_statement,2,1.0,425,1870
geolife,010-20080921224934-0,mixed_statement,2,1.0,425,
geolife,010-20080921224934-0,odometer_only_statement,2,1.0,425,
geolife,010-20080922111517-0,zone_priced_statement,3,1.584962500721156,500,2139
geolife,010-20080922111517-0,mixed_statement,3,1.584962500721156,500,
geolife,010-20080922111517-0,odometer_only_statement,3,1.584962500721156,500,
geolife,010-20080922234926-0,zone_priced_statement,2,1.0,413,1815
geolife,010-20080922234926-0,mixed_statement,2,1.0,413,
geolife,010-20080922234926-0,odometer_only_statement,2,1.0,413,
geolife,010-20080923121817-0,zone_priced_statement,3,1.584962500721156,510,2174
geolife,010-20080923121817-0,mixed_statement,3,1.584962500721156,510,
geolife,010-20080923121817-0,odometer_only_statement,3,1.584962500721156,510,
geolife,010-20080923231456-1,zone_priced_statement,1,0.0,432,1928
geolife,010-20080923231456-1,mixed_statement,1,0.0,432,
geolife,010-20080923231456-1,odometer_only_statement,1,0.0,432,
geolife,010-20080924113459-1,zone_priced_statement,2,1.0,516,2197
geolife,010-20080924113459-1,mixed_statement,2,1.0,516,
geolife,010-20080924113459-1,odometer_only_statement,2,1.0,516,
geolife,010-20080924231334-1,zone_priced_statement,1,0.0,402,1775
geolife,010-20080924231334-1,mixed_statement,2,1.0,402,
geolife,010-20080924231334-1,odometer_only_statement,2,1.0,402,
geolife,010-20080925104204-0,zone_priced_statement,1,0.0,497,2149
geolife,010-20080925104204-0,mixed_statement,1,0.0,497,
geolife,010-20080925104204-0,odometer_only_statement,1,0.0,497,
geolife,010-20080925233430-0,zone_priced_statement,2,1.0,407,1810
geolife,010-20080925233430-0,mixed_statement,2,1.0,407,
geolife,010-20080925233430-0,odometer_only_statement,2,1.0,407,
geolife,010-20080926105402-0,zone_priced_statement,3,1.584962500721156,512,2192
geolife,010-20080926105402-0,mixed_statement,3,1.584962500721156,512,
geolife,010-20080926105402-0,odometer_only_statement,3,1.584962500721156,512,
geolife,010-20080927232235-1,zone_priced_statement,1,0.0,360,1604
geolife,010-20080927232235-1,mixed_statement,1,0.0,360,
geolife,010-20080927232235-1,odometer_only_statement,1,0.0,360,
geolife,010-20081005225112-1,zone_priced_statement,1,0.0,401,1739
geolife,010-20081005225112-1,mixed_statement,1,0.0,401,
geolife,010-20081005225112-1,odometer_only_statement,1,0.0,401,
geolife,010-20081006110114-0,zone_priced_statement,4,2.0,510,2167
geolife,010-20081006110114-0,mixed_statement,5,2.321928094887362,510,
geolife,010-20081006110114-0,odometer_only_statement,5,2.321928094887362,510,
geolife,010-20081006234930-0,zone_priced_statement,1,0.0,417,1804
geolife,010-20081006234930-0,mixed_statement,1,0.0,417,
geolife,010-20081006234930-0,odometer_only_statement,1,0.0,417,
geolife,010-20081007102112-0,zone_priced_statement,4,2.0,506,2147
geolife,010-20081007102112-0,mixed_statement,5,2.321928094887362,506,
geolife,010-20081007102112-0,odometer_only_statement,5,2.321928094887362,506,
geolife,010-20081007231655-0,zone_priced_statement,2,1.0,393,1690
geolife,010-20081007231655-0,mixed_statement,2,1.0,393,
geolife,010-20081007231655-0,odometer_only_statement,2,1.0,393,
geolife,010-20081008105051-0,zone_priced_statement,3,1.584962500721156,512,2172
geolife,010-20081008105051-0,mixed_statement,3,1.584962500721156,512,
geolife,010-20081008105051-0,odometer_only_statement,3,1.584962500721156,512,
geolife,010-20081008231209-1,zone_priced_statement,1,0.0,375,1587
geolife,010-20081008231209-1,mixed_statement,2,1.0,375,
geolife,010-20081008231209-1,odometer_only_statement,2,1.0,375,
geolife,010-20081009110709-0,zone_priced_statement,2,1.0,508,2163
geolife,010-20081009110709-0,mixed_statement,3,1.584962500721156,508,
geolife,010-20081009110709-0,odometer_only_statement,3,1.584962500721156,508,
geolife,010-20081009224923-1,zone_priced_statement,1,0.0,417,1823
geolife,010-20081009224923-1,mixed_statement,1,0.0,417,
geolife,010-20081009224923-1,odometer_only_statement,1,0.0,417,
geolife,010-20081010103335-0,zone_priced_statement,1,0.0,516,2200
geolife,010-20081010103335-0,mixed_statement,1,0.0,516,
geolife,010-20081010103335-0,odometer_only_statement,1,0.0,516,
geolife,010-20081012224836-1,zone_priced_statement,1,0.0,349,1483
geolife,010-20081012224836-1,mixed_statement,1,0.0,349,
geolife,010-20081012224836-1,odometer_only_statement,1,0.0,349,
geolife,010-20081013104428-0,zone_priced_statement,4,2.0,513,2183
geolife,010-20081013104428-0,mixed_statement,5,2.321928094887362,513,
geolife,010-20081013104428-0,odometer_only_statement,5,2.321928094887362,513,
geolife,010-20081013230418-1,zone_priced_statement,2,1.0,400,1757
geolife,010-20081013230418-1,mixed_statement,2,1.0,400,
geolife,010-20081013230418-1,odometer_only_statement,2,1.0,400,
geolife,010-20081015111010-0,zone_priced_statement,2,1.0,512,2189
geolife,010-20081015111010-0,mixed_statement,2,1.0,512,
geolife,010-20081015111010-0,odometer_only_statement,2,1.0,512,
geolife,010-20081015234917-0,zone_priced_statement,1,0.0,357,1535
geolife,010-20081015234917-0,mixed_statement,1,0.0,357,
geolife,010-20081015234917-0,odometer_only_statement,1,0.0,357,
geolife,010-20081016110447-0,zone_priced_statement,4,2.0,512,2213
geolife,010-20081016110447-0,mixed_statement,5,2.321928094887362,512,
geolife,010-20081016110447-0,odometer_only_statement,5,2.321928094887362,512,
geolife,010-20081016224935-1,zone_priced_statement,2,1.0,407,1722
geolife,010-20081016224935-1,mixed_statement,2,1.0,407,
geolife,010-20081016224935-1,odometer_only_statement,2,1.0,407,
geolife,010-20081019222847-1,zone_priced_statement,1,0.0,417,1782
geolife,010-20081019222847-1,mixed_statement,1,0.0,417,
geolife,010-20081019222847-1,odometer_only_statement,1,0.0,417,
geolife,010-20081106231922-0,zone_priced_statement,2,1.0,413,1789
geolife,010-20081106231922-0,mixed_statement,2,1.0,413,
geolife,010-20081106231922-0,odometer_only_statement,2,1.0,413,
geolife,010-20081206041700-0,zone_priced_statement,1,0.0,464,1926
geolife,010-20081206041700-0,mixed_statement,3,1.584962500721156,464,
geolife,010-20081206041700-0,odometer_only_statement,3,1.584962500721156,464,
geolife,052-20080725002736-0,zone_priced_statement,1,0.0,466,2328
geolife,052-20080725002736-0,mixed_statement,1,0.0,466,
geolife,052-20080725002736-0,odometer_only_statement,1,0.0,466,
geolife,062-20081031073908-0,zone_priced_statement,1,0.0,100,500
geolife,062-20081031073908-0,mixed_statement,1,0.0,100,
geolife,062-20081031073908-0,odometer_only_statement,1,0.0,100,
geolife,082-20090404024103-0,zone_priced_statement,1,0.0,345,1725
geolife,082-20090404024103-0,mixed_statement,1,0.0,345,
geolife,082-20090404024103-0,odometer_only_statement,1,0.0,345,
geolife,084-20081010234036-0,zone_priced_statement,1,0.0,156,500
geolife,084-20081010234036-0,mixed_statement,1,0.0,156,
geolife,084-20081010234036-0,odometer_only_statement,1,0.0,156,
geolife,085-20081202012752-0,zone_priced_statement,3,1.584962500721156,481,2404
geolife,085-20081202012752-0,mixed_statement,3,1.584962500721156,481,
geolife,085-20081202012752-0,odometer_only_statement,3,1.584962500721156,481,
geolife,098-20070526102144-1,zone_priced_statement,1,0.0,380,1898
geolife,098-20070526102144-1,mixed_statement,1,0.0,380,
geolife,098-20070526102144-1,odometer_only_statement,1,0.0,380,
geolife,105-20071006051353-0,zone_priced_statement,1,0.0,966,4380
geolife,105-20071006051353-0,mixed_statement,1,0.0,966,
geolife,105-20071006051353-0,odometer_only_statement,1,0.0,966,
geolife,106-20071009234753-7,zone_priced_statement,1,0.0,422,2108
geolife,106-20071009234753-7,mixed_statement,1,0.0,422,
geolife,106-20071009234753-7,odometer_only_statement,1,0.0,422,
geolife,108-20071003230234-1,zone_priced_statement,2,1.0,100,500
geolife,108-20071003230234-1,mixed_statement,2,1.0,100,
geolife,108-20071003230234-1,odometer_only_statement,2,1.0,100,
geolife,111-20070419131853-2,zone_priced_statement,1,0.0,100,500
geolife,111-20070419131853-2,mixed_statement,1,0.0,100,
geolife,111-20070419131853-2,odometer_only_statement,1,0.0,100,
geolife,125-20080913091957-0,zone_priced_statement,1,0.0,272,1362
geolife,125-20080913091957-0,mixed_statement,1,0.0,272,
geolife,125-20080913091957-0,odometer_only_statement,1,0.0,272,
geolife,125-20080913091957-1,zone_priced_statement,1,0.0,207,1036
geolife,125-20080913091957-1,mixed_statement,1,0.0,207,
geolife,125-20080913091957-1,odometer_only_statement,1,0.0,207,
geolife,139-20071003230234-1,zone_priced_statement,2,1.0,100,500
geolife,139-20071003230234-1,mixed_statement,2,1.0,100,
geolife,139-20071003230234-1,odometer_only_statement,2,1.0,100,
geolife,144-20080520024145-0,zone_priced_statement,1,0.0,220,1046
geolife,144-20080520024145-0,mixed_statement,1,0.0,220,
geolife,144-20080520024145-0,odometer_only_statement,1,0.0,220,
geolife,153-20080822093429-0,zone_priced_statement,2,1.0,379,1894
geolife,153-20080822093429-0,mixed_statement,2,1.0,379,
geolife,153-20080822093429-0,odometer_only_statement,2,1.0,379,
geolife,153-20090707012128-0,zone_priced_statement,1,0.0,442,2209
geolife,153-20090707012128-0,mixed_statement,1,0.0,442,
geolife,153-20090707012128-0,odometer_only_statement,1,0.0,442,
geolife,163-20070617061223-0,zone_priced_statement,1,0.0,549,2136
geolife,163-20070617061223-0,mixed_statement,1,0.0,549,
geolife,163-20070617061223-0,odometer_only_statement,1,0.0,549,
geolife,163-20070617061223-1,zone_priced_statement,1,0.0,100,500
geolife,163-20070617061223-1,mixed_statement,1,0.0,100,
geolife,163-20070617061223-1,odometer_only_statement,1,0.0,100,
geolife,163-20070715142911-0,zone_priced_statement,1,0.0,100,500
geolife,163-20070715142911-0,mixed_statement,1,0.0,100,
geolife,163-20070715142911-0,odometer_only_statement,1,0.0,100,
geolife,167-20080606181635-0,zone_priced_statement,1,0.0,921,4603
geolife,167-20080606181635-0,mixed_statement,1,0.0,921,
geolife,167-20080606181635-0,odometer_only_statement,1,0.0,921,
rome,rome:60:103-0-s96:p0,zone_priced_statement,3,1.584962500721156,168,13872
rome,rome:60:103-0-s96:p0,mixed_statement,3,1.584962500721156,168,
rome,rome:60:103-0-s96:p0,odometer_only_statement,6,2.584962500721156,168,
rome,rome:60:104-0-s145:p0,zone_priced_statement,3,1.584962500721156,100,27906
rome,rome:60:104-0-s145:p0,mixed_statement,7,2.807354922057604,100,
rome,rome:60:104-0-s145:p0,odometer_only_statement,48,5.584962500721156,100,
rome,rome:60:105-0-s77:p0,zone_priced_statement,4,2.0,100,20100
rome,rome:60:105-0-s77:p0,mixed_statement,4,2.0,100,
rome,rome:60:105-0-s77:p0,odometer_only_statement,24,4.584962500721156,100,
rome,rome:60:109-0-s11:p0,zone_priced_statement,4,2.0,100,13081
rome,rome:60:109-0-s11:p0,mixed_statement,4,2.0,100,
rome,rome:60:109-0-s11:p0,odometer_only_statement,18,4.169925001442312,100,
rome,rome:60:109-0-s11:p1,zone_priced_statement,5,2.321928094887362,100,17147
rome,rome:60:109-0-s11:p1,mixed_statement,5,2.321928094887362,100,
rome,rome:60:109-0-s11:p1,odometer_only_statement,45,5.491853096329675,100,
rome,rome:60:109-0-s188:p0,zone_priced_statement,1,0.0,108,15457
rome,rome:60:109-0-s188:p0,mixed_statement,1,0.0,108,
rome,rome:60:109-0-s188:p0,odometer_only_statement,4,2.0,108,
rome,rome:60:109-0-s188:p1,zone_priced_statement,9,3.169925001442312,100,14719
rome,rome:60:109-0-s188:p1,mixed_statement,9,3.169925001442312,100,
rome,rome:60:109-0-s188:p1,odometer_only_statement,48,5.584962500721156,100,
rome,rome:60:109-0-s32:p0,zone_priced_statement,1,0.0,141,18339
rome,rome:60:109-0-s32:p0,mixed_statement,1,0.0,141,
rome,rome:60:109-0-s32:p0,odometer_only_statement,6,2.584962500721156,141,
rome,rome:60:109-0-s40:p0,zone_priced_statement,2,1.0,246,14814
rome,rome:60:109-0-s40:p0,mixed_statement,2,1.0,246,
rome,rome:60:109-0-s40:p0,odometer_only_statement,5,2.321928094887362,246,
rome,rome:60:109-0-s42:p0,zone_priced_statement,1,0.0,238,19161
rome,rome:60:109-0-s42:p0,mixed_statement,1,0.0,238,
rome,rome:60:109-0-s42:p0,odometer_only_statement,4,2.0,238,
rome,rome:60:11-0-s11:p0,zone_priced_statement,4,2.0,100,10101
rome,rome:60:11-0-s11:p0,mixed_statement,4,2.0,100,
rome,rome:60:11-0-s11:p0,odometer_only_statement,42,5.392317422778761,100,
rome,rome:60:11-0-s11:p1,zone_priced_statement,5,2.321928094887362,100,19851
rome,rome:60:11-0-s11:p1,mixed_statement,5,2.321928094887362,100,
rome,rome:60:11-0-s11:p1,odometer_only_statement,45,5.491853096329675,100,
rome,rome:60:11-0-s11:p2,zone_priced_statement,9,3.169925001442312,100,14952
rome,rome:60:11-0-s11:p2,mixed_statement,9,3.169925001442312,100,
rome,rome:60:11-0-s11:p2,odometer_only_statement,44,5.459431618637297,100,
rome,rome:60:11-0-s136:p0,zone_priced_statement,3,1.584962500721156,100,25794
rome,rome:60:11-0-s136:p0,mixed_statement,3,1.584962500721156,100,
rome,rome:60:11-0-s136:p0,odometer_only_statement,17,4.087462841250339,100,
rome,rome:60:11-0-s186:p0,zone_priced_statement,3,1.584962500721156,100,27628
rome,rome:60:11-0-s186:p0,mixed_statement,3,1.584962500721156,100,
rome,rome:60:11-0-s186:p0,odometer_only_statement,16,4.0,100,
rome,rome:60:11-0-s84:p0,zone_priced_statement,2,1.0,100,7604
rome,rome:60:11-0-s84:p0,mixed_statement,2,1.0,100,
rome,rome:60:11-0-s84:p0,odometer_only_statement,43,5.426264754702098,100,
rome,rome:60:124-1-s99:p0,zone_priced_statement,3,1.584962500721156,100,28923
rome,rome:60:124-1-s99:p0,mixed_statement,3,1.584962500721156,100,
rome,rome:60:124-1-s99:p0,odometer_only_statement,50,5.643856189774724,100,
rome,rome:60:127-0-s273:p0,zone_priced_statement,1,0.0,129,6378
rome,rome:60:127-0-s273:p0,mixed_statement,1,0.0,129,
rome,rome:60:127-0-s273:p0,odometer_only_statement,10,3.321928094887362,129,
rome,rome:60:128-0-s16:p0,zone_priced_statement,6,2.584962500721156,100,12417
rome,rome:60:128-0-s16:p0,mixed_statement,6,2.584962500721156,100,
rome,rome:60:128-0-s16:p0,odometer_only_statement,37,5.20945336562895,100,
rome,rome:60:128-0-s16:p1,zone_priced_statement,6,2.584962500721156,100,12193
rome,rome:60:128-0-s16:p1,mixed_statement,6,2.584962500721156,100,
rome,rome:60:128-0-s16:p1,odometer_only_statement,49,5.614709844115208,100,
rome,rome:60:128-0-s65:p0,zone_priced_statement,6,2.584962500721156,100,12163
rome,rome:60:128-0-s65:p0,mixed_statement,6,2.584962500721156,100,
rome,rome:60:128-0-s65:p0,odometer_only_statement,46,5.523561956057013,100,
rome,rome:60:128-0-s82:p0,zone_priced_statement,3,1.584962500721156,175,13880
rome,rome:60:128-0-s82:p0,mixed_statement,3,1.584962500721156,175,
rome,rome:60:128-0-s82:p0,odometer_only_statement,5,2.321928094887362,175,
rome,rome:60:128-0-s82:p1,zone_priced_statement,9,3.169925001442312,100,14722
rome,rome:60:128-0-s82:p1,mixed_statement,9,3.169925001442312,100,
rome,rome:60:128-0-s82:p1,odometer_only_statement,48,5.584962500721156,100,
rome,rome:60:128-0-s82:p2,zone_priced_statement,3,1.584962500721156,100,7308
rome,rome:60:128-0-s82:p2,mixed_statement,3,1.584962500721156,100,
rome,rome:60:128-0-s82:p2,odometer_only_statement,31,4.954196310386875,100,
rome,rome:60:134-0-s99:p0,zone_priced_statement,9,3.169925001442312,100,14669
rome,rome:60:134-0-s99:p0,mixed_statement,9,3.169925001442312,100,
rome,rome:60:134-0-s99:p0,odometer_only_statement,49,5.614709844115208,100,
rome,rome:60:137-0-s71:p0,zone_priced_statement,1,0.0,100,22596
rome,rome:60:137-0-s71:p0,mixed_statement,1,0.0,100,
rome,rome:60:137-0-s71:p0,odometer_only_statement,4,2.0,100,
rome,rome:60:137-0-s71:p1,zone_priced_statement,5,2.321928094887362,100,19456
rome,rome:60:137-0-s71:p1,mixed_statement,5,2.321928094887362,100,
rome,rome:60:137-0-s71:p1,odometer_only_statement,43,5.426264754702098,100,
rome,rome:60:137-0-s71:p2,zone_priced_statement,1,0.0,100,12305
rome,rome:60:137-0-s71:p2,mixed_statement,1,0.0,100,
rome,rome:60:137-0-s71:p2,odometer_only_statement,45,5.491853096329675,100,
rome,rome:60:140-0-s121:p0,zone_priced_statement,4,2.0,100,27631
rome,rome:60:140-0-s121:p0,mixed_statement,4,2.0,100,
rome,rome:60:140-0-s121:p0,odometer_only_statement,45,5.491853096329675,100,
rome,rome:60:140-0-s121:p1,zone_priced_statement,6,2.584962500721156,100,24383
rome,rome:60:140-0-s121:p1,mixed_statement,7,2.807354922057604,100,
rome,rome:60:140-0-s121:p1,odometer_only_statement,37,5.20945336562895,100,
rome,rome:60:149-0-s182:p0,zone_priced_statement,1,0.0,100,15986
rome,rome:60:149-0-s182:p0,mixed_statement,1,0.0,100,
rome,rome:60:149-0-s182:p0,odometer_only_statement,13,3.700439718141092,100,
rome,rome:60:149-0-s21:p0,zone_priced_statement,5,2.321928094887362,100,22425
rome,rome:60:149-0-s21:p0,mixed_statement,6,2.584962500721156,100,
rome,rome:60:149-0-s21:p0,odometer_only_statement,44,5.459431618637297,100,
rome,rome:60:149-0-s21:p1,zone_priced_statement,3,1.584962500721156,100,24642
rome,rome:60:149-0-s21:p1,mixed_statement,3,1.584962500721156,100,
rome,rome:60:149-0-s21:p1,odometer_only_statement,21,4.392317422778761,100,
rome,rome:60:149-0-s21:p2,zone_priced_statement,4,2.0,100,19697
rome,rome:60:149-0-s21:p2,mixed_statement,4,2.0,100,
rome,rome:60:149-0-s21:p2,odometer_only_statement,21,4.392317422778761,100,
rome,rome:60:149-0-s21:p3,zone_priced_statement,5,2.321928094887362,100,22182
rome,rome:60:149-0-s21:p3,mixed_statement,5,2.321928094887362,100,
rome,rome:60:149-0-s21:p3,odometer_only_statement,39,5.285402218862249,100,
rome,rome:60:150-0-s108:p0,zone_priced_statement,5,2.321928094887362,100,22469
rome,rome:60:150-0-s108:p0,mixed_statement,6,2.584962500721156,100,
rome,rome:60:150-0-s108:p0,odometer_only_statement,45,5.491853096329675,100,
rome,rome:60:153-0-s12:p0,zone_priced_statement,6,2.584962500721156,100,12161
rome,rome:60:153-0-s12:p0,mixed_statement,6,2.584962500721156,100,
rome,rome:60:153-0-s12:p0,odometer_only_statement,39,5.285402218862249,100,
rome,rome:60:153-0-s12:p1,zone_priced_statement,4,2.0,100,17069
rome,rome:60:153-0-s12:p1,mixed_statement,4,2.0,100,
rome,rome:60:153-0-s12:p1,odometer_only_statement,44,5.459431618637297,100,
rome,rome:60:153-0-s15:p0,zone_priced_statement,6,2.584962500721156,100,12371
rome,rome:60:153-0-s15:p0,mixed_statement,6,2.584962500721156,100,
rome,rome:60:153-0-s15:p0,odometer_only_statement,43,5.426264754702098,100,
rome,rome:60:153-0-s15:p1,zone_priced_statement,3,1.584962500721156,100,21983
rome,rome:60:153-0-s15:p1,mixed_statement,3,1.584962500721156,100,
rome,rome:60:153-0-s15:p1,odometer_only_statement,36,5.169925001442312,100,
rome,rome:60:153-0-s15:p2,zone_priced_statement,2,1.0,100,22194
rome,rome:60:153-0-s15:p2,mixed_statement,3,1.584962500721156,100,
rome,rome:60:153-0-s15:p2,odometer_only_statement,17,4.087462841250339,100,
rome,rome:60:153-0-s214:p0,zone_priced_statement,2,1.0,100,7970
rome,rome:60:153-0-s214:p0,mixed_statement,2,1.0,100,
rome,rome:60:153-0-s214:p0,odometer_only_statement,17,4.087462841250339,100,
rome,rome:60:155-0-s239:p0,zone_priced_statement,5,2.321928094887362,100,22272
rome,rome:60:155-0-s239:p0,mixed_statement,6,2.584962500721156,100,
rome,rome:60:155-0-s239:p0,odometer_only_statement,45,5.491853096329675,100,
rome,rome:60:155-0-s253:p0,zone_priced_statement,2,1.0,100,20225
rome,rome:60:155-0-s253:p0,mixed_statement,2,1.0,100,
rome,rome:60:155-0-s253:p0,odometer_only_statement,23,4.523561956057013,100,
rome,rome:60:155-0-s266:p0,zone_priced_statement,3,1.584962500721156,100,25535
rome,rome:60:155-0-s266:p0,mixed_statement,3,1.584962500721156,100,
rome,rome:60:155-0-s266:p0,odometer_only_statement,18,4.169925001442312,100,
rome,rome:60:156-0-s76:p0,zone_priced_statement,1,0.0,158,16386
rome,rome:60:156-0-s76:p0,mixed_statement,1,0.0,158,
rome,rome:60:156-0-s76:p0,odometer_only_statement,5,2.321928094887362,158,
rome,rome:60:157-0-s98:p0,zone_priced_statement,3,1.584962500721156,100,27791
rome,rome:60:157-0-s98:p0,mixed_statement,3,1.584962500721156,100,
rome,rome:60:157-0-s98:p0,odometer_only_statement,49,5.614709844115208,100,
rome,rome:60:162-0-s40:p0,zone_priced_statement,3,1.584962500721156,126,11028
rome,rome:60:162-0-s40:p0,mixed_statement,3,1.584962500721156,126,
rome,rome:60:162-0-s40:p0,odometer_only_statement,9,3.169925001442312,126,
rome,rome:60:162-0-s40:p1,zone_priced_statement,6,2.584962500721156,100,18628
rome,rome:60:162-0-s40:p1,mixed_statement,6,2.584962500721156,100,
rome,rome:60:162-0-s40:p1,odometer_only_statement,40,5.321928094887363,100,
rome,rome:60:163-0-s105:p0,zone_priced_statement,1,0.0,100,10759
rome,rome:60:163-0-s105:p0,mixed_statement,1,0.0,100,
rome,rome:60:163-0-s105:p0,odometer_only_statement,14,3.807354922057604,100,
rome,rome:60:167-0-s26:p0,zone_priced_statement,4,2.0,100,15156
rome,rome:60:167-0-s26:p0,mixed_statement,4,2.0,100,
rome,rome:60:167-0-s26:p0,odometer_only_statement,16,4.0,100,
rome,rome:60:167-0-s73:p0,zone_priced_statement,2,1.0,100,14905
rome,rome:60:167-0-s73:p0,mixed_statement,2,1.0,100,
rome,rome:60:167-0-s73:p0,odometer_only_statement,32,5.0,100,
rome,rome:60:172-0-s6:p0,zone_priced_statement,2,1.0,100,15583
rome,rome:60:172-0-s6:p0,mixed_statement,2,1.0,100,
rome,rome:60:172-0-s6:p0,odometer_only_statement,22,4.459431618637297,100,
rome,rome:60:178-0-s37:p0,zone_priced_statement,3,1.584962500721156,100,14808
rome,rome:60:178-0-s37:p0,mixed_statement,3,1.584962500721156,100,
rome,rome:60:178-0-s37:p0,odometer_only_statement,37,5.20945336562895,100,
rome,rome:60:178-1-s43:p0,zone_priced_statement,2,1.0,121,13389
rome,rome:60:178-1-s43:p0,mixed_statement,2,1.0,121,
rome,rome:60:178-1-s43:p0,odometer_only_statement,8,3.0,121,
rome,rome:60:185-0-s124:p0,zone_priced_statement,1,0.0,100,5189
rome,rome:60:185-0-s124:p0,mixed_statement,1,0.0,100,
rome,rome:60:185-0-s124:p0,odometer_only_statement,40,5.321928094887363,100,
rome,rome:60:185-0-s150:p0,zone_priced_statement,3,1.584962500721156,116,11197
rome,rome:60:185-0-s150:p0,mixed_statement,3,1.584962500721156,116,
rome,rome:60:185-0-s150:p0,odometer_only_statement,7,2.807354922057604,116,
rome,rome:60:193-0-s204:p0,zone_priced_statement,3,1.584962500721156,100,7255
rome,rome:60:193-0-s204:p0,mixed_statement,3,1.584962500721156,100,
rome,rome:60:193-0-s204:p0,odometer_only_statement,21,4.392317422778761,100,
rome,rome:60:213-0-s41:p0,zone_priced_statement,5,2.321928094887362,100,17346
rome,rome:60:213-0-s41:p0,mixed_statement,6,2.584962500721156,100,
rome,rome:60:213-0-s41:p0,odometer_only_statement,33,5.044394119358453,100,
rome,rome:60:213-0-s41:p1,zone_priced_statement,9,3.169925001442312,100,14718
rome,rome:60:213-0-s41:p1,mixed_statement,9,3.169925001442312,100,
rome,rome:60:213-0-s41:p1,odometer_only_statement,47,5.554588851677638,100,
rome,rome:60:213-0-s66:p0,zone_priced_statement,3,1.584962500721156,100,13320
rome,rome:60:213-0-s66:p0,mixed_statement,3,1.584962500721156,100,
rome,rome:60:213-0-s66:p0,odometer_only_statement,15,3.9068905956085187,100,
rome,rome:60:214-0-s203:p0,zone_priced_statement,4,2.0,100,13942
rome,rome:60:214-0-s203:p0,mixed_statement,4,2.0,100,
rome,rome:60:214-0-s203:p0,odometer_only_statement,17,4.087462841250339,100,
rome,rome:60:214-0-s203:p1,zone_priced_statement,2,1.0,100,20194
rome,rome:60:214-0-s203:p1,mixed_statement,2,1.0,100,
rome,rome:60:214-0-s203:p1,odometer_only_statement,14,3.807354922057604,100,
rome,rome:60:214-0-s220:p0,zone_priced_statement,1,0.0,100,5878
rome,rome:60:214-0-s220:p0,mixed_statement,1,0.0,100,
rome,rome:60:214-0-s220:p0,odometer_only_statement,16,4.0,100,
rome,rome:60:229-0-s172:p0,zone_priced_statement,1,0.0,100,26670
rome,rome:60:229-0-s172:p0,mixed_statement,1,0.0,100,
rome,rome:60:229-0-s172:p0,odometer_only_statement,16,4.0,100,
rome,rome:60:234-0-s260:p0,zone_priced_statement,2,1.0,100,17805
rome,rome:60:234-0-s260:p0,mixed_statement,2,1.0,100,
rome,rome:60:234-0-s260:p0,odometer_only_statement,14,3.807354922057604,100,
rome,rome:60:24-0-s158:p0,zone_priced_statement,4,2.0,100,24605
rome,rome:60:24-0-s158:p0,mixed_statement,7,2.807354922057604,100,
rome,rome:60:24-0-s158:p0,odometer_only_statement,49,5.614709844115208,100,
rome,rome:60:24-0-s158:p1,zone_priced_statement,2,1.0,100,27605
rome,rome:60:24-0-s158:p1,mixed_statement,4,2.0,100,
rome,rome:60:24-0-s158:p1,odometer_only_statement,39,5.285402218862249,100,
rome,rome:60:24-0-s158:p2,zone_priced_statement,5,2.321928094887362,100,27292
rome,rome:60:24-0-s158:p2,mixed_statement,8,3.0,100,
rome,rome:60:24-0-s158:p2,odometer_only_statement,43,5.426264754702098,100,
rome,rome:60:24-0-s158:p3,zone_priced_statement,5,2.321928094887362,100,17419
rome,rome:60:24-0-s158:p3,mixed_statement,6,2.584962500721156,100,
rome,rome:60:24-0-s158:p3,odometer_only_statement,36,5.169925001442312,100,
rome,rome:60:24-0-s50:p0,zone_priced_statement,1,0.0,100,29911
rome,rome:60:24-0-s50:p0,mixed_statement,1,0.0,100,
rome,rome:60:24-0-s50:p0,odometer_only_statement,16,4.0,100,
rome,rome:60:24-0-s50:p1,zone_priced_statement,1,0.0,100,30708
rome,rome:60:24-0-s50:p1,mixed_statement,1,0.0,100,
rome,rome:60:24-0-s50:p1,odometer_only_statement,41,5.357552004618084,100,
rome,rome:60:24-0-s50:p2,zone_priced_statement,1,0.0,100,31774
rome,rome:60:24-0-s50:p2,mixed_statement,1,0.0,100,
rome,rome:60:24-0-s50:p2,odometer_only_statement,39,5.285402218862249,100,
rome,rome:60:24-0-s50:p3,zone_priced_statement,4,2.0,100,22840
rome,rome:60:24-0-s50:p3,mixed_statement,5,2.321928094887362,100,
rome,rome:60:24-0-s50:p3,odometer_only_statement,42,5.392317422778761,100,
rome,rome:60:24-0-s50:p4,zone_priced_statement,3,1.584962500721156,100,27809
rome,rome:60:24-0-s50:p4,mixed_statement,6,2.584962500721156,100,
rome,rome:60:24-0-s50:p4,odometer_only_statement,48,5.584962500721156,100,
rome,rome:60:243-0-s57:p0,zone_priced_statement,2,1.0,100,2950
rome,rome:60:243-0-s57:p0,mixed_statement,2,1.0,100,
rome,rome:60:243-0-s57:p0,odometer_only_statement,23,4.523561956057013,100,
rome,rome:60:243-0-s91:p0,zone_priced_statement,2,1.0,100,3227
rome,rome:60:243-0-s91:p0,mixed_statement,2,1.0,100,
rome,rome:60:243-0-s91:p0,odometer_only_statement,15,3.9068905956085187,100,
rome,rome:60:243-0-s91:p1,zone_priced_statement,5,2.321928094887362,100,9914
rome,rome:60:243-0-s91:p1,mixed_statement,5,2.321928094887362,100,
rome,rome:60:243-0-s91:p1,odometer_only_statement,45,5.491853096329675,100,
rome,rome:60:243-0-s94:p0,zone_priced_statement,2,1.0,100,8135
rome,rome:60:243-0-s94:p0,mixed_statement,2,1.0,100,
rome,rome:60:243-0-s94:p0,odometer_only_statement,18,4.169925001442312,100,
rome,rome:60:249-0-s139:p0,zone_priced_statement,2,1.0,259,14596
rome,rome:60:249-0-s139:p0,mixed_statement,2,1.0,259,
rome,rome:60:249-0-s139:p0,odometer_only_statement,5,2.321928094887362,259,
rome,rome:60:254-0-s329:p0,zone_priced_statement,1,0.0,100,19997
rome,rome:60:254-0-s329:p0,mixed_statement,1,0.0,100,
rome,rome:60:254-0-s329:p0,odometer_only_statement,18,4.169925001442312,100,
rome,rome:60:256-0-s375:p0,zone_priced_statement,3,1.584962500721156,100,12882
rome,rome:60:256-0-s375:p0,mixed_statement,3,1.584962500721156,100,
rome,rome:60:256-0-s375:p0,odometer_only_statement,15,3.9068905956085187,100,
rome,rome:60:257-0-s123:p0,zone_priced_statement,3,1.584962500721156,100,15208
rome,rome:60:257-0-s123:p0,mixed_statement,3,1.584962500721156,100,
rome,rome:60:257-0-s123:p0,odometer_only_statement,18,4.169925001442312,100,
rome,rome:60:257-0-s123:p1,zone_priced_statement,2,1.0,130,25846
rome,rome:60:257-0-s123:p1,mixed_statement,2,1.0,130,
rome,rome:60:257-0-s123:p1,odometer_only_statement,10,3.321928094887362,130,
rome,rome:60:260-0-s115:p0,zone_priced_statement,1,0.0,239,24287
rome,rome:60:260-0-s115:p0,mixed_statement,1,0.0,239,
rome,rome:60:260-0-s115:p0,odometer_only_statement,4,2.0,239,
rome,rome:60:260-0-s14:p0,zone_priced_statement,2,1.0,100,12397
rome,rome:60:260-0-s14:p0,mixed_statement,2,1.0,100,
rome,rome:60:260-0-s14:p0,odometer_only_statement,21,4.392317422778761,100,
rome,rome:60:268-0-s46:p0,zone_priced_statement,6,2.584962500721156,100,13051
rome,rome:60:268-0-s46:p0,mixed_statement,6,2.584962500721156,100,
rome,rome:60:268-0-s46:p0,odometer_only_statement,18,4.169925001442312,100,
rome,rome:60:275-0-s235:p0,zone_priced_statement,2,1.0,100,3190
rome,rome:60:275-0-s235:p0,mixed_statement,2,1.0,100,
rome,rome:60:275-0-s235:p0,odometer_only_statement,17,4.087462841250339,100,
rome,rome:60:275-0-s290:p0,zone_priced_statement,2,1.0,100,2837
rome,rome:60:275-0-s290:p0,mixed_statement,2,1.0,100,
rome,rome:60:275-0-s290:p0,odometer_only_statement,33,5.044394119358453,100,
rome,rome:60:275-0-s376:p0,zone_priced_statement,2,1.0,197,9535
rome,rome:60:275-0-s376:p0,mixed_statement,2,1.0,197,
rome,rome:60:275-0-s376:p0,odometer_only_statement,2,1.0,197,
rome,rome:60:289-0-s12:p0,zone_priced_statement,2,1.0,100,18090
rome,rome:60:289-0-s12:p0,mixed_statement,2,1.0,100,
rome,rome:60:289-0-s12:p0,odometer_only_statement,13,3.700439718141092,100,
rome,rome:60:289-0-s30:p0,zone_priced_statement,3,1.584962500721156,100,22116
rome,rome:60:289-0-s30:p0,mixed_statement,3,1.584962500721156,100,
rome,rome:60:289-0-s30:p0,odometer_only_statement,26,4.700439718141092,100,
rome,rome:60:289-0-s77:p0,zone_priced_statement,1,0.0,121,18370
rome,rome:60:289-0-s77:p0,mixed_statement,1,0.0,121,
rome,rome:60:289-0-s77:p0,odometer_only_statement,8,3.0,121,
rome,rome:60:289-0-s94:p0,zone_priced_statement,1,0.0,168,18618
rome,rome:60:289-0-s94:p0,mixed_statement,1,0.0,168,
rome,rome:60:289-0-s94:p0,odometer_only_statement,6,2.584962500721156,168,
rome,rome:60:290-0-s103:p0,zone_priced_statement,2,1.0,206,9591
rome,rome:60:290-0-s103:p0,mixed_statement,2,1.0,206,
rome,rome:60:290-0-s103:p0,odometer_only_statement,2,1.0,206,
rome,rome:60:290-0-s103:p1,zone_priced_statement,3,1.584962500721156,100,9836
rome,rome:60:290-0-s103:p1,mixed_statement,3,1.584962500721156,100,
rome,rome:60:290-0-s103:p1,odometer_only_statement,45,5.491853096329675,100,
rome,rome:60:290-0-s119:p0,zone_priced_statement,5,2.321928094887362,100,9928
rome,rome:60:290-0-s119:p0,mixed_statement,5,2.321928094887362,100,
rome,rome:60:290-0-s119:p0,odometer_only_statement,48,5.584962500721156,100,
rome,rome:60:290-0-s34:p0,zone_priced_statement,9,3.169925001442312,100,14696
rome,rome:60:290-0-s34:p0,mixed_statement,9,3.169925001442312,100,
rome,rome:60:290-0-s34:p0,odometer_only_statement,48,5.584962500721156,100,
rome,rome:60:290-0-s36:p0,zone_priced_statement,5,2.321928094887362,100,17509
rome,rome:60:290-0-s36:p0,mixed_statement,5,2.321928094887362,100,
rome,rome:60:290-0-s36:p0,odometer_only_statement,46,5.523561956057013,100,
rome,rome:60:290-0-s36:p1,zone_priced_statement,2,1.0,100,5310
rome,rome:60:290-0-s36:p1,mixed_statement,2,1.0,100,
rome,rome:60:290-0-s36:p1,odometer_only_statement,31,4.954196310386875,100,
rome,rome:60:290-0-s36:p2,zone_priced_statement,4,2.0,100,17406
rome,rome:60:290-0-s36:p2,mixed_statement,4,2.0,100,
rome,rome:60:290-0-s36:p2,odometer_only_statement,21,4.392317422778761,100,
rome,rome:60:293-0-s42:p0,zone_priced_statement,2,1.0,100,12505
rome,rome:60:293-0-s42:p0,mixed_statement,2,1.0,100,
rome,rome:60:293-0-s42:p0,odometer_only_statement,23,4.523561956057013,100,
rome,rome:60:297-1-s52:p0,zone_priced_statement,1,0.0,100,33008
rome,rome:60:297-1-s52:p0,mixed_statement,1,0.0,100,
rome,rome:60:297-1-s52:p0,odometer_only_statement,16,4.0,100,
rome,rome:60:297-1-s52:p1,zone_priced_statement,2,1.0,100,27695
rome,rome:60:297-1-s52:p1,mixed_statement,3,1.584962500721156,100,
rome,rome:60:297-1-s52:p1,odometer_only_statement,29,4.857980995127572,100,
rome,rome:60:306-0-s25:p0,zone_priced_statement,2,1.0,264,19344
rome,rome:60:306-0-s25:p0,mixed_statement,2,1.0,264,
rome,rome:60:306-0-s25:p0,odometer_only_statement,5,2.321928094887362,264,
rome,rome:60:306-0-s68:p0,zone_priced_statement,1,0.0,141,15578
rome,rome:60:306-0-s68:p0,mixed_statement,1,0.0,141,
rome,rome:60:306-0-s68:p0,odometer_only_statement,6,2.584962500721156,141,
rome,rome:60:309-0-s267:p0,zone_priced_statement,2,1.0,100,22291
rome,rome:60:309-0-s267:p0,mixed_statement,2,1.0,100,
rome,rome:60:309-0-s267:p0,odometer_only_statement,18,4.169925001442312,100,
rome,rome:60:309-0-s61:p0,zone_priced_statement,1,0.0,100,2718
rome,rome:60:309-0-s61:p0,mixed_statement,1,0.0,100,
rome,rome:60:309-0-s61:p0,odometer_only_statement,47,5.554588851677638,100,
rome,rome:60:309-0-s61:p1,zone_priced_statement,5,2.321928094887362,100,9949
rome,rome:60:309-0-s61:p1,mixed_statement,5,2.321928094887362,100,
rome,rome:60:309-0-s61:p1,odometer_only_statement,43,5.426264754702098,100,
rome,rome:60:326-0-s63:p0,zone_priced_statement,1,0.0,148,25655
rome,rome:60:326-0-s63:p0,mixed_statement,1,0.0,148,
rome,rome:60:326-0-s63:p0,odometer_only_statement,6,2.584962500721156,148,
rome,rome:60:326-0-s63:p1,zone_priced_statement,4,2.0,100,12998
rome,rome:60:326-0-s63:p1,mixed_statement,4,2.0,100,
rome,rome:60:326-0-s63:p1,odometer_only_statement,17,4.087462841250339,100,
rome,rome:60:326-0-s82:p0,zone_priced_statement,4,2.0,100,24196
rome,rome:60:326-0-s82:p0,mixed_statement,5,2.321928094887362,100,
rome,rome:60:326-0-s82:p0,odometer_only_statement,31,4.954196310386875,100,
rome,rome:60:329-0-s52:p0,zone_priced_statement,2,1.0,100,27858
rome,rome:60:329-0-s52:p0,mixed_statement,2,1.0,100,
rome,rome:60:329-0-s52:p0,odometer_only_statement,43,5.426264754702098,100,
rome,rome:60:329-0-s55:p0,zone_priced_statement,2,1.0,134,23824
rome,rome:60:329-0-s55:p0,mixed_statement,2,1.0,134,
rome,rome:60:329-0-s55:p0,odometer_only_statement,7,2.807354922057604,134,
rome,rome:60:329-0-s55:p1,zone_priced_statement,1,0.0,100,32978
rome,rome:60:329-0-s55:p1,mixed_statement,8,3.0,100,
rome,rome:60:329-0-s55:p1,odometer_only_statement,47,5.554588851677638,100,
rome,rome:60:336-0-s227:p0,zone_priced_statement,3,1.584962500721156,100,22241
rome,rome:60:336-0-s227:p0,mixed_statement,3,1.584962500721156,100,
rome,rome:60:336-0-s227:p0,odometer_only_statement,15,3.9068905956085187,100,
rome,rome:60:336-0-s227:p1,zone_priced_statement,2,1.0,100,24351
rome,rome:60:336-0-s227:p1,mixed_statement,5,2.321928094887362,100,
rome,rome:60:336-0-s227:p1,odometer_only_statement,44,5.459431618637297,100,
rome,rome:60:353-0-s131:p0,zone_priced_statement,2,1.0,100,26166
rome,rome:60:353-0-s131:p0,mixed_statement,2,1.0,100,
rome,rome:60:353-0-s131:p0,odometer_only_statement,17,4.087462841250339,100,
rome,rome:60:353-0-s219:p0,zone_priced_statement,1,0.0,100,28603
rome,rome:60:353-0-s219:p0,mixed_statement,1,0.0,100,
rome,rome:60:353-0-s219:p0,odometer_only_statement,19,4.247927513443585,100,
rome,rome:60:360-0-s126:p0,zone_priced_statement,3,1.584962500721156,119,10854
rome,rome:60:360-0-s126:p0,mixed_statement,3,1.584962500721156,119,
rome,rome:60:360-0-s126:p0,odometer_only_statement,9,3.169925001442312,119,
rome,rome:60:366-0-s105:p0,zone_priced_statement,4,2.0,100,19579
rome,rome:60:366-0-s105:p0,mixed_statement,4,2.0,100,
rome,rome:60:366-0-s105:p0,odometer_only_statement,33,5.044394119358453,100,
rome,rome:60:43-1-s109:p0,zone_priced_statement,1,0.0,100,25081
rome,rome:60:43-1-s109:p0,mixed_statement,1,0.0,100,
rome,rome:60:43-1-s109:p0,odometer_only_statement,18,4.169925001442312,100,
rome,rome:60:43-1-s80:p0,zone_priced_statement,3,1.584962500721156,100,15637
rome,rome:60:43-1-s80:p0,mixed_statement,3,1.584962500721156,100,
rome,rome:60:43-1-s80:p0,odometer_only_statement,18,4.169925001442312,100,
rome,rome:60:45-0-s4:p0,zone_priced_statement,2,1.0,100,20255
rome,rome:60:45-0-s4:p0,mixed_statement,2,1.0,100,
rome,rome:60:45-0-s4:p0,odometer_only_statement,15,3.9068905956085187,100,
rome,rome:60:45-0-s4:p1,zone_priced_statement,3,1.584962500721156,100,22324
rome,rome:60:45-0-s4:p1,mixed_statement,3,1.584962500721156,100,
rome,rome:60:45-0-s4:p1,odometer_only_statement,26,4.700439718141092,100,
rome,rome:60:46-0-s41:p0,zone_priced_statement,7,2.807354922057604,100,22013
rome,rome:60:46-0-s41:p0,mixed_statement,8,3.0,100,
rome,rome:60:46-0-s41:p0,odometer_only_statement,49,5.614709844115208,100,
rome,rome:60:46-0-s41:p1,zone_priced_statement,5,2.321928094887362,100,24761
rome,rome:60:46-0-s41:p1,mixed_statement,7,2.807354922057604,100,
rome,rome:60:46-0-s41:p1,odometer_only_statement,44,5.459431618637297,100,
rome,rome:60:46-0-s49:p0,zone_priced_statement,2,1.0,100,25274
rome,rome:60:46-0-s49:p0,mixed_statement,2,1.0,100,
rome,rome:60:46-0-s49:p0,odometer_only_statement,14,3.807354922057604,100,
rome,rome:60:46-0-s56:p0,zone_priced_statement,5,2.321928094887362,100,17263
rome,rome:60:46-0-s56:p0,mixed_statement,5,2.321928094887362,100,
rome,rome:60:46-0-s56:p0,odometer_only_statement,45,5.491853096329675,100,
rome,rome:60:46-0-s56:p1,zone_priced_statement,4,2.0,100,19339
rome,rome:60:46-0-s56:p1,mixed_statement,4,2.0,100,
rome,rome:60:46-0-s56:p1,odometer_only_statement,23,4.523561956057013,100,
rome,rome:60:46-0-s56:p2,zone_priced_statement,4,2.0,100,17137
rome,rome:60:46-0-s56:p2,mixed_statement,4,2.0,100,
rome,rome:60:46-0-s56:p2,odometer_only_statement,49,5.614709844115208,100,
rome,rome:60:46-0-s56:p3,zone_priced_statement,6,2.584962500721156,100,19403
rome,rome:60:46-0-s56:p3,mixed_statement,6,2.584962500721156,100,
rome,rome:60:46-0-s56:p3,odometer_only_statement,33,5.044394119358453,100,
rome,rome:60:46-0-s65:p0,zone_priced_statement,2,1.0,118,13453
rome,rome:60:46-0-s65:p0,mixed_statement,2,1.0,118,
rome,rome:60:46-0-s65:p0,odometer_only_statement,8,3.0,118,
rome,rome:60:46-0-s89:p0,zone_priced_statement,4,2.0,100,19543
rome,rome:60:46-0-s89:p0,mixed_statement,4,2.0,100,
rome,rome:60:46-0-s89:p0,odometer_only_statement,45,5.491853096329675,100,
rome,rome:60:47-0-s268:p0,zone_priced_statement,4,2.0,100,19237
rome,rome:60:47-0-s268:p0,mixed_statement,5,2.321928094887362,100,
rome,rome:60:47-0-s268:p0,odometer_only_statement,33,5.044394119358453,100,
rome,rome:60:51-1-s193:p0,zone_priced_statement,1,0.0,157,8968
rome,rome:60:51-1-s193:p0,mixed_statement,1,0.0,157,
rome,rome:60:51-1-s193:p0,odometer_only_statement,5,2.321928094887362,157,
rome,rome:60:53-0-s98:p0,zone_priced_statement,4,2.0,100,24262
rome,rome:60:53-0-s98:p0,mixed_statement,7,2.807354922057604,100,
rome,rome:60:53-0-s98:p0,odometer_only_statement,48,5.584962500721156,100,
rome,rome:60:58-0-s2:p0,zone_priced_statement,1,0.0,100,10519
rome,rome:60:58-0-s2:p0,mixed_statement,1,0.0,100,
rome,rome:60:58-0-s2:p0,odometer_only_statement,16,4.0,100,
rome,rome:60:58-0-s8:p0,zone_priced_statement,2,1.0,100,10106
rome,rome:60:58-0-s8:p0,mixed_statement,2,1.0,100,
rome,rome:60:58-0-s8:p0,odometer_only_statement,28,4.807354922057604,100,
rome,rome:60:58-1-s27:p0,zone_priced_statement,2,1.0,100,5151
rome,rome:60:58-1-s27:p0,mixed_statement,2,1.0,100,
rome,rome:60:58-1-s27:p0,odometer_only_statement,40,5.321928094887363,100,
rome,rome:60:66-0-s9:p0,zone_priced_statement,1,0.0,100,20652
rome,rome:60:66-0-s9:p0,mixed_statement,1,0.0,100,
rome,rome:60:66-0-s9:p0,odometer_only_statement,19,4.247927513443585,100,
rome,rome:60:67-1-s1:p0,zone_priced_statement,3,1.584962500721156,100,24463
rome,rome:60:67-1-s1:p0,mixed_statement,3,1.584962500721156,100,
rome,rome:60:67-1-s1:p0,odometer_only_statement,17,4.087462841250339,100,
rome,rome:60:68-0-s112:p0,zone_priced_statement,3,1.584962500721156,100,7332
rome,rome:60:68-0-s112:p0,mixed_statement,3,1.584962500721156,100,
rome,rome:60:68-0-s112:p0,odometer_only_statement,33,5.044394119358453,100,
rome,rome:60:68-0-s234:p0,zone_priced_statement,3,1.584962500721156,100,14814
rome,rome:60:68-0-s234:p0,mixed_statement,3,1.584962500721156,100,
rome,rome:60:68-0-s234:p0,odometer_only_statement,33,5.044394119358453,100,
rome,rome:60:70-0-s118:p0,zone_priced_statement,4,2.0,100,15221
rome,rome:60:70-0-s118:p0,mixed_statement,4,2.0,100,
rome,rome:60:70-0-s118:p0,odometer_only_statement,15,3.9068905956085187,100,
rome,rome:60:70-0-s141:p0,zone_priced_statement,3,1.584962500721156,176,13917
rome,rome:60:70-0-s141:p0,mixed_statement,3,1.584962500721156,176,
rome,rome:60:70-0-s141:p0,odometer_only_statement,4,2.0,176,
rome,rome:60:70-0-s152:p0,zone_priced_statement,9,3.169925001442312,100,14773
rome,rome:60:70-0-s152:p0,mixed_statement,9,3.169925001442312,100,
rome,rome:60:70-0-s152:p0,odometer_only_statement,46,5.523561956057013,100,
rome,rome:60:70-0-s162:p0,zone_priced_statement,4,2.0,100,19542
rome,rome:60:70-0-s162:p0,mixed_statement,4,2.0,100,
rome,rome:60:70-0-s162:p0,odometer_only_statement,45,5.491853096329675,100,
rome,rome:60:70-0-s172:p0,zone_priced_statement,3,1.584962500721156,100,19645
rome,rome:60:70-0-s172:p0,mixed_statement,3,1.584962500721156,100,
rome,rome:60:70-0-s172:p0,odometer_only_statement,38,5.247927513443585,100,
rome,rome:60:70-0-s57:p0,zone_priced_statement,2,1.0,100,7520
rome,rome:60:70-0-s57:p0,mixed_statement,2,1.0,100,
rome,rome:60:70-0-s57:p0,odometer_only_statement,40,5.321928094887363,100,
rome,rome:60:70-0-s57:p1,zone_priced_statement,5,2.321928094887362,100,17202
rome,rome:60:70-0-s57:p1,mixed_statement,6,2.584962500721156,100,
rome,rome:60:70-0-s57:p1,odometer_only_statement,31,4.954196310386875,100,
rome,rome:60:70-0-s57:p2,zone_priced_statement,2,1.0,100,24387
rome,rome:60:70-0-s57:p2,mixed_statement,4,2.0,100,
rome,rome:60:70-0-s57:p2,odometer_only_statement,36,5.169925001442312,100,
rome,rome:60:70-0-s78:p0,zone_priced_statement,3,1.584962500721156,100,19637
rome,rome:60:70-0-s78:p0,mixed_statement,3,1.584962500721156,100,
rome,rome:60:70-0-s78:p0,odometer_only_statement,37,5.20945336562895,100,
rome,rome:60:72-0-s234:p0,zone_priced_statement,1,0.0,100,7662
rome,rome:60:72-0-s234:p0,mixed_statement,1,0.0,100,
rome,rome:60:72-0-s234:p0,odometer_only_statement,28,4.807354922057604,100,
rome,rome:60:78-0-s44:p0,zone_priced_statement,1,0.0,100,11936
rome,rome:60:78-0-s44:p0,mixed_statement,1,0.0,100,
rome,rome:60:78-0-s44:p0,odometer_only_statement,21,4.392317422778761,100,
rome,rome:60:83-0-s152:p0,zone_priced_statement,9,3.169925001442312,100,14624
rome,rome:60:83-0-s152:p0,mixed_statement,9,3.169925001442312,100,
rome,rome:60:83-0-s152:p0,odometer_only_statement,45,5.491853096329675,100,
rome,rome:60:83-0-s41:p0,zone_priced_statement,3,1.584962500721156,100,10139
rome,rome:60:83-0-s41:p0,mixed_statement,3,1.584962500721156,100,
rome,rome:60:83-0-s41:p0,odometer_only_statement,30,4.906890595608519,100,
rome,rome:60:83-0-s59:p0,zone_priced_statement,2,1.0,100,17303
rome,rome:60:83-0-s59:p0,mixed_statement,2,1.0,100,
rome,rome:60:83-0-s59:p0,odometer_only_statement,15,3.9068905956085187,100,
rome,rome:60:83-0-s95:p0,zone_priced_statement,9,3.169925001442312,100,14768
rome,rome:60:83-0-s95:p0,mixed_statement,9,3.169925001442312,100,
rome,rome:60:83-0-s95:p0,odometer_only_statement,48,5.584962500721156,100,
rome,rome:60:83-0-s95:p1,zone_priced_statement,6,2.584962500721156,100,12143
rome,rome:60:83-0-s95:p1,mixed_statement,6,2.584962500721156,100,
rome,rome:60:83-0-s95:p1,odometer_only_statement,36,5.169925001442312,100,
rome,rome:60:95-0-s137:p0,zone_priced_statement,5,2.321928094887362,100,22656
rome,rome:60:95-0-s137:p0,mixed_statement,6,2.584962500721156,100,
rome,rome:60:95-0-s137:p0,odometer_only_statement,46,5.523561956057013,100,
rome,rome:60:96-0-s156:p0,zone_priced_statement,5,2.321928094887362,100,22014
rome,rome:60:96-0-s156:p0,mixed_statement,6,2.584962500721156,100,
rome,rome:60:96-0-s156:p0,odometer_only_statement,42,5.392317422778761,100,
porto,porto:60:20000038-2-s7:p0,zone_priced_statement,2,1.0,224,1122
porto,porto:60:20000038-2-s7:p0,mixed_statement,2,1.0,224,
porto,porto:60:20000038-2-s7:p0,odometer_only_statement,2,1.0,224,
porto,porto:60:20000100-6-s13:p0,zone_priced_statement,3,1.584962500721156,107,534
porto,porto:60:20000100-6-s13:p0,mixed_statement,3,1.584962500721156,107,
porto,porto:60:20000100-6-s13:p0,odometer_only_statement,3,1.584962500721156,107,
porto,porto:60:20000100-6-s13:p1,zone_priced_statement,1,0.0,100,500
porto,porto:60:20000100-6-s13:p1,mixed_statement,1,0.0,100,
porto,porto:60:20000100-6-s13:p1,odometer_only_statement,2,1.0,100,
porto,porto:60:20000257-2-s24:p0,zone_priced_statement,1,0.0,199,996
porto,porto:60:20000257-2-s24:p0,mixed_statement,1,0.0,199,
porto,porto:60:20000257-2-s24:p0,odometer_only_statement,1,0.0,199,
porto,porto:60:20000305-0-s17:p0,zone_priced_statement,3,1.584962500721156,100,501
porto,porto:60:20000305-0-s17:p0,mixed_statement,3,1.584962500721156,100,
porto,porto:60:20000305-0-s17:p0,odometer_only_statement,3,1.584962500721156,100,
porto,porto:60:20000305-0-s17:p1,zone_priced_statement,1,0.0,100,1256
porto,porto:60:20000305-0-s17:p1,mixed_statement,1,0.0,100,
porto,porto:60:20000305-0-s17:p1,odometer_only_statement,2,1.0,100,
porto,porto:60:20000338-1-s40:p0,zone_priced_statement,1,0.0,166,832
porto,porto:60:20000338-1-s40:p0,mixed_statement,1,0.0,166,
porto,porto:60:20000338-1-s40:p0,odometer_only_statement,1,0.0,166,
porto,porto:60:20000455-2-s144:p0,zone_priced_statement,3,1.584962500721156,100,500
porto,porto:60:20000455-2-s144:p0,mixed_statement,3,1.584962500721156,100,
porto,porto:60:20000455-2-s144:p0,odometer_only_statement,3,1.584962500721156,100,
porto,porto:60:20000496-3-s20:p0,zone_priced_statement,2,1.0,223,1114
porto,porto:60:20000496-3-s20:p0,mixed_statement,2,1.0,223,
porto,porto:60:20000496-3-s20:p0,odometer_only_statement,2,1.0,223,
porto,porto:60:20000541-4-s20:p0,zone_priced_statement,2,1.0,118,591
porto,porto:60:20000541-4-s20:p0,mixed_statement,2,1.0,118,
porto,porto:60:20000541-4-s20:p0,odometer_only_statement,2,1.0,118,
tdrive,tdrive:300:5860-0-s515:p0,zone_priced_statement,1,0.0,100,25479
tdrive,tdrive:300:5860-0-s515:p0,mixed_statement,1,0.0,100,
tdrive,tdrive:300:5860-0-s515:p0,odometer_only_statement,1,0.0,100,
