tau,tau2,seed,attack_type,malicious_rate,tpr_attack,benign_frr,attack_round_csv,benign_round_csv,attack_log,benign_log
1,1,1,gradual_drift,0.10,0.984168,0.192000,experiments/round_metrics_20260422_141714.csv,experiments/round_metrics_20260422_143952.csv,/Users/wanghao/Desktop/risefl_mvp/experiments/tau_sweeps/20260422_141714/tau_attack_tau1_tau21_s1_j0.log,/Users/wanghao/Desktop/risefl_mvp/experiments/tau_sweeps/20260422_141714/tau_benign_tau1_tau21_s1_j0.log
1,1,2,gradual_drift,0.10,0.984168,0.192000,experiments/round_metrics_20260422_141714.csv,experiments/round_metrics_20260422_143959.csv,/Users/wanghao/Desktop/risefl_mvp/experiments/tau_sweeps/20260422_141714/tau_attack_tau1_tau21_s2_j1.log,/Users/wanghao/Desktop/risefl_mvp/experiments/tau_sweeps/20260422_141714/tau_benign_tau1_tau21_s2_j1.log
1,1,3,gradual_drift,0.10,0.984168,0.192000,experiments/round_metrics_20260422_141714.csv,experiments/round_metrics_20260422_143944.csv,/Users/wanghao/Desktop/risefl_mvp/experiments/tau_sweeps/20260422_141714/tau_attack_tau1_tau21_s3_j2.log,/Users/wanghao/Desktop/risefl_mvp/experiments/tau_sweeps/20260422_141714/tau_benign_tau1_tau21_s3_j2.log
1,2,1,gradual_drift,0.10,0.984168,0.192000,experiments/round_metrics_20260422_141714.csv,experiments/round_metrics_20260422_143949.csv,/Users/wanghao/Desktop/risefl_mvp/experiments/tau_sweeps/20260422_141714/tau_attack_tau1_tau22_s1_j3.log,/Users/wanghao/Desktop/risefl_mvp/experiments/tau_sweeps/20260422_141714/tau_benign_tau1_tau22_s1_j3.log
1,2,2,gradual_drift,0.10,0.946670,0.192000,experiments/round_metrics_20260422_150137.csv,experiments/round_metrics_20260422_152456.csv,/Users/wanghao/Desktop/risefl_mvp/experiments/tau_sweeps/20260422_141714/tau_attack_tau1_tau22_s2_j4.log,/Users/wanghao/Desktop/risefl_mvp/experiments/tau_sweeps/20260422_141714/tau_benign_tau1_tau22_s2_j4.log
1,2,3,gradual_drift,0.10,0.993333,0.192000,experiments/round_metrics_20260422_150138.csv,experiments/round_metrics_20260422_152501.csv,/Users/wanghao/Desktop/risefl_mvp/experiments/tau_sweeps/20260422_141714/tau_attack_tau1_tau22_s3_j5.log,/Users/wanghao/Desktop/risefl_mvp/experiments/tau_sweeps/20260422_141714/tau_benign_tau1_tau22_s3_j5.log
1,3,1,gradual_drift,0.10,0.993333,0.192000,experiments/round_metrics_20260422_150138.csv,experiments/round_metrics_20260422_152513.csv,/Users/wanghao/Desktop/risefl_mvp/experiments/tau_sweeps/20260422_141714/tau_attack_tau1_tau23_s1_j6.log,/Users/wanghao/Desktop/risefl_mvp/experiments/tau_sweeps/20260422_141714/tau_benign_tau1_tau23_s1_j6.log
1,3,2,gradual_drift,0.10,0.993333,0.192000,experiments/round_metrics_20260422_150138.csv,experiments/round_metrics_20260422_152458.csv,/Users/wanghao/Desktop/risefl_mvp/experiments/tau_sweeps/20260422_141714/tau_attack_tau1_tau23_s2_j7.log,/Users/wanghao/Desktop/risefl_mvp/experiments/tau_sweeps/20260422_141714/tau_benign_tau1_tau23_s2_j7.log
1,3,3,gradual_drift,0.10,0.977500,0.192000,experiments/round_metrics_20260422_160737.csv,experiments/round_metrics_20260422_162736.csv,/Users/wanghao/Desktop/risefl_mvp/experiments/tau_sweeps/20260422_141714/tau_attack_tau1_tau23_s3_j8.log,/Users/wanghao/Desktop/risefl_mvp/experiments/tau_sweeps/20260422_141714/tau_benign_tau1_tau23_s3_j8.log
1,4,1,gradual_drift,0.10,1.000000,0.192000,experiments/round_metrics_20260422_160747.csv,experiments/round_metrics_20260422_162749.csv,/Users/wanghao/Desktop/risefl_mvp/experiments/tau_sweeps/20260422_141714/tau_attack_tau1_tau24_s1_j9.log,/Users/wanghao/Desktop/risefl_mvp/experiments/tau_sweeps/20260422_141714/tau_benign_tau1_tau24_s1_j9.log
1,4,2,gradual_drift,0.10,0.989900,0.192000,experiments/round_metrics_20260422_160757.csv,experiments/round_metrics_20260422_162754.csv,/Users/wanghao/Desktop/risefl_mvp/experiments/tau_sweeps/20260422_141714/tau_attack_tau1_tau24_s2_j10.log,/Users/wanghao/Desktop/risefl_mvp/experiments/tau_sweeps/20260422_141714/tau_benign_tau1_tau24_s2_j10.log
1,4,3,gradual_drift,0.10,0.989900,0.192000,experiments/round_metrics_20260422_160757.csv,experiments/round_metrics_20260422_162754.csv,/Users/wanghao/Desktop/risefl_mvp/experiments/tau_sweeps/20260422_141714/tau_attack_tau1_tau24_s3_j11.log,/Users/wanghao/Desktop/risefl_mvp/experiments/tau_sweeps/20260422_141714/tau_benign_tau1_tau24_s3_j11.log
1,5,1,gradual_drift,0.10,0.985710,0.192000,experiments/round_metrics_20260422_164847.csv,experiments/round_metrics_20260422_171008.csv,/Users/wanghao/Desktop/risefl_mvp/experiments/tau_sweeps/20260422_141714/tau_attack_tau1_tau25_s1_j12.log,/Users/wanghao/Desktop/risefl_mvp/experiments/tau_sweeps/20260422_141714/tau_benign_tau1_tau25_s1_j12.log
1,5,2,gradual_drift,0.10,1.000000,0.192000,experiments/round_metrics_20260422_164902.csv,experiments/round_metrics_20260422_171005.csv,/Users/wanghao/Desktop/risefl_mvp/experiments/tau_sweeps/20260422_141714/tau_attack_tau1_tau25_s2_j13.log,/Users/wanghao/Desktop/risefl_mvp/experiments/tau_sweeps/20260422_141714/tau_benign_tau1_tau25_s2_j13.log
1,5,3,gradual_drift,0.10,1.000000,0.192000,experiments/round_metrics_20260422_164918.csv,experiments/round_metrics_20260422_171035.csv,/Users/wanghao/Desktop/risefl_mvp/experiments/tau_sweeps/20260422_141714/tau_attack_tau1_tau25_s3_j14.log,/Users/wanghao/Desktop/risefl_mvp/experiments/tau_sweeps/20260422_141714/tau_benign_tau1_tau25_s3_j14.log
2,1,1,gradual_drift,0.10,1.000000,0.192000,experiments/round_metrics_20260422_164918.csv,experiments/round_metrics_20260422_171030.csv,/Users/wanghao/Desktop/risefl_mvp/experiments/tau_sweeps/20260422_141714/tau_attack_tau2_tau21_s1_j15.log,/Users/wanghao/Desktop/risefl_mvp/experiments/tau_sweeps/20260422_141714/tau_benign_tau2_tau21_s1_j15.log
2,1,2,gradual_drift,0.10,1.000000,0.192000,experiments/round_metrics_20260422_173202.csv,experiments/round_metrics_20260422_175322.csv,/Users/wanghao/Desktop/risefl_mvp/experiments/tau_sweeps/20260422_141714/tau_attack_tau2_tau21_s2_j16.log,/Users/wanghao/Desktop/risefl_mvp/experiments/tau_sweeps/20260422_141714/tau_benign_tau2_tau21_s2_j16.log
2,1,3,gradual_drift,0.10,1.000000,0.192000,experiments/round_metrics_20260422_173202.csv,experiments/round_metrics_20260422_175326.csv,/Users/wanghao/Desktop/risefl_mvp/experiments/tau_sweeps/20260422_141714/tau_attack_tau2_tau21_s3_j17.log,/Users/wanghao/Desktop/risefl_mvp/experiments/tau_sweeps/20260422_141714/tau_benign_tau2_tau21_s3_j17.log
2,2,1,gradual_drift,0.10,0.975000,0.192000,experiments/round_metrics_20260422_173228.csv,experiments/round_metrics_20260422_175345.csv,/Users/wanghao/Desktop/risefl_mvp/experiments/tau_sweeps/20260422_141714/tau_attack_tau2_tau22_s1_j18.log,/Users/wanghao/Desktop/risefl_mvp/experiments/tau_sweeps/20260422_141714/tau_benign_tau2_tau22_s1_j18.log
2,2,2,gradual_drift,0.10,0.975000,0.192000,experiments/round_metrics_20260422_173228.csv,experiments/round_metrics_20260422_175347.csv,/Users/wanghao/Desktop/risefl_mvp/experiments/tau_sweeps/20260422_141714/tau_attack_tau2_tau22_s2_j19.log,/Users/wanghao/Desktop/risefl_mvp/experiments/tau_sweeps/20260422_141714/tau_benign_tau2_tau22_s2_j19.log
2,2,3,gradual_drift,0.10,0.985710,0.192000,experiments/round_metrics_20260422_181721.csv,experiments/round_metrics_20260422_183948.csv,/Users/wanghao/Desktop/risefl_mvp/experiments/tau_sweeps/20260422_141714/tau_attack_tau2_tau22_s3_j20.log,/Users/wanghao/Desktop/risefl_mvp/experiments/tau_sweeps/20260422_141714/tau_benign_tau2_tau22_s3_j20.log
2,3,1,gradual_drift,0.10,0.975000,0.192000,experiments/round_metrics_20260422_181724.csv,experiments/round_metrics_20260422_184000.csv,/Users/wanghao/Desktop/risefl_mvp/experiments/tau_sweeps/20260422_141714/tau_attack_tau2_tau23_s1_j21.log,/Users/wanghao/Desktop/risefl_mvp/experiments/tau_sweeps/20260422_141714/tau_benign_tau2_tau23_s1_j21.log
2,3,2,gradual_drift,0.10,0.985000,0.192000,experiments/round_metrics_20260422_181756.csv,experiments/round_metrics_20260422_184028.csv,/Users/wanghao/Desktop/risefl_mvp/experiments/tau_sweeps/20260422_141714/tau_attack_tau2_tau23_s2_j22.log,/Users/wanghao/Desktop/risefl_mvp/experiments/tau_sweeps/20260422_141714/tau_benign_tau2_tau23_s2_j22.log
2,3,3,gradual_drift,0.10,0.985000,0.192000,experiments/round_metrics_20260422_181756.csv,experiments/round_metrics_20260422_184029.csv,/Users/wanghao/Desktop/risefl_mvp/experiments/tau_sweeps/20260422_141714/tau_attack_tau2_tau23_s3_j23.log,/Users/wanghao/Desktop/risefl_mvp/experiments/tau_sweeps/20260422_141714/tau_benign_tau2_tau23_s3_j23.log
2,4,1,gradual_drift,0.10,1.000000,0.192000,experiments/round_metrics_20260422_190341.csv,experiments/round_metrics_20260422_193010.csv,/Users/wanghao/Desktop/risefl_mvp/experiments/tau_sweeps/20260422_141714/tau_attack_tau2_tau24_s1_j24.log,/Users/wanghao/Desktop/risefl_mvp/experiments/tau_sweeps/20260422_141714/tau_benign_tau2_tau24_s1_j24.log
2,4,2,gradual_drift,0.10,0.983330,0.192000,experiments/round_metrics_20260422_190356.csv,experiments/round_metrics_20260422_193014.csv,/Users/wanghao/Desktop/risefl_mvp/experiments/tau_sweeps/20260422_141714/tau_attack_tau2_tau24_s2_j25.log,/Users/wanghao/Desktop/risefl_mvp/experiments/tau_sweeps/20260422_141714/tau_benign_tau2_tau24_s2_j25.log
2,4,3,gradual_drift,0.10,0.990000,0.192000,experiments/round_metrics_20260422_190504.csv,experiments/round_metrics_20260422_193130.csv,/Users/wanghao/Desktop/risefl_mvp/experiments/tau_sweeps/20260422_141714/tau_attack_tau2_tau24_s3_j26.log,/Users/wanghao/Desktop/risefl_mvp/experiments/tau_sweeps/20260422_141714/tau_benign_tau2_tau24_s3_j26.log
2,5,1,gradual_drift,0.10,0.990000,0.192000,experiments/round_metrics_20260422_190504.csv,experiments/round_metrics_20260422_193133.csv,/Users/wanghao/Desktop/risefl_mvp/experiments/tau_sweeps/20260422_141714/tau_attack_tau2_tau25_s1_j27.log,/Users/wanghao/Desktop/risefl_mvp/experiments/tau_sweeps/20260422_141714/tau_benign_tau2_tau25_s1_j27.log
2,5,2,gradual_drift,0.10,1.000000,0.192000,experiments/round_metrics_20260422_200054.csv,experiments/round_metrics_20260422_202643.csv,/Users/wanghao/Desktop/risefl_mvp/experiments/tau_sweeps/20260422_141714/tau_attack_tau2_tau25_s2_j28.log,/Users/wanghao/Desktop/risefl_mvp/experiments/tau_sweeps/20260422_141714/tau_benign_tau2_tau25_s2_j28.log
2,5,3,gradual_drift,0.10,1.000000,0.192000,experiments/round_metrics_20260422_200054.csv,experiments/round_metrics_20260422_202648.csv,/Users/wanghao/Desktop/risefl_mvp/experiments/tau_sweeps/20260422_141714/tau_attack_tau2_tau25_s3_j29.log,/Users/wanghao/Desktop/risefl_mvp/experiments/tau_sweeps/20260422_141714/tau_benign_tau2_tau25_s3_j29.log
3,1,1,gradual_drift,0.10,0.986605,0.192000,experiments/round_metrics_20260422_200206.csv,experiments/round_metrics_20260422_202738.csv,/Users/wanghao/Desktop/risefl_mvp/experiments/tau_sweeps/20260422_141714/tau_attack_tau3_tau21_s1_j30.log,/Users/wanghao/Desktop/risefl_mvp/experiments/tau_sweeps/20260422_141714/tau_benign_tau3_tau21_s1_j30.log
3,1,2,gradual_drift,0.10,0.986605,0.192000,experiments/round_metrics_20260422_200206.csv,experiments/round_metrics_20260422_202724.csv,/Users/wanghao/Desktop/risefl_mvp/experiments/tau_sweeps/20260422_141714/tau_attack_tau3_tau21_s2_j31.log,/Users/wanghao/Desktop/risefl_mvp/experiments/tau_sweeps/20260422_141714/tau_benign_tau3_tau21_s2_j31.log
3,1,3,gradual_drift,0.10,0.960000,0.192000,experiments/round_metrics_20260422_205205.csv,experiments/round_metrics_20260422_211851.csv,/Users/wanghao/Desktop/risefl_mvp/experiments/tau_sweeps/20260422_141714/tau_attack_tau3_tau21_s3_j32.log,/Users/wanghao/Desktop/risefl_mvp/experiments/tau_sweeps/20260422_141714/tau_benign_tau3_tau21_s3_j32.log
3,2,1,gradual_drift,0.10,0.966670,0.192000,experiments/round_metrics_20260422_205207.csv,experiments/round_metrics_20260422_211859.csv,/Users/wanghao/Desktop/risefl_mvp/experiments/tau_sweeps/20260422_141714/tau_attack_tau3_tau22_s1_j33.log,/Users/wanghao/Desktop/risefl_mvp/experiments/tau_sweeps/20260422_141714/tau_benign_tau3_tau22_s1_j33.log
3,2,2,gradual_drift,0.10,1.000000,0.192000,experiments/round_metrics_20260422_205305.csv,experiments/round_metrics_20260422_211953.csv,/Users/wanghao/Desktop/risefl_mvp/experiments/tau_sweeps/20260422_141714/tau_attack_tau3_tau22_s2_j34.log,/Users/wanghao/Desktop/risefl_mvp/experiments/tau_sweeps/20260422_141714/tau_benign_tau3_tau22_s2_j34.log
3,2,3,gradual_drift,0.10,1.000000,0.192000,experiments/round_metrics_20260422_205305.csv,experiments/round_metrics_20260422_211953.csv,/Users/wanghao/Desktop/risefl_mvp/experiments/tau_sweeps/20260422_141714/tau_attack_tau3_tau22_s3_j35.log,/Users/wanghao/Desktop/risefl_mvp/experiments/tau_sweeps/20260422_141714/tau_benign_tau3_tau22_s3_j35.log
3,3,1,gradual_drift,0.10,1.000000,0.192000,experiments/round_metrics_20260422_214230.csv,experiments/round_metrics_20260422_220513.csv,/Users/wanghao/Desktop/risefl_mvp/experiments/tau_sweeps/20260422_141714/tau_attack_tau3_tau23_s1_j36.log,/Users/wanghao/Desktop/risefl_mvp/experiments/tau_sweeps/20260422_141714/tau_benign_tau3_tau23_s1_j36.log
3,3,2,gradual_drift,0.10,0.966670,0.192000,experiments/round_metrics_20260422_214235.csv,experiments/round_metrics_20260422_220524.csv,/Users/wanghao/Desktop/risefl_mvp/experiments/tau_sweeps/20260422_141714/tau_attack_tau3_tau23_s2_j37.log,/Users/wanghao/Desktop/risefl_mvp/experiments/tau_sweeps/20260422_141714/tau_benign_tau3_tau23_s2_j37.log
3,3,3,gradual_drift,0.10,0.950000,0.192000,experiments/round_metrics_20260422_214421.csv,experiments/round_metrics_20260422_220634.csv,/Users/wanghao/Desktop/risefl_mvp/experiments/tau_sweeps/20260422_141714/tau_attack_tau3_tau23_s3_j38.log,/Users/wanghao/Desktop/risefl_mvp/experiments/tau_sweeps/20260422_141714/tau_benign_tau3_tau23_s3_j38.log
3,4,1,gradual_drift,0.10,0.950000,0.192000,experiments/round_metrics_20260422_214421.csv,experiments/round_metrics_20260422_220642.csv,/Users/wanghao/Desktop/risefl_mvp/experiments/tau_sweeps/20260422_141714/tau_attack_tau3_tau24_s1_j39.log,/Users/wanghao/Desktop/risefl_mvp/experiments/tau_sweeps/20260422_141714/tau_benign_tau3_tau24_s1_j39.log
3,4,2,gradual_drift,0.10,1.000000,0.192000,experiments/round_metrics_20260422_222823.csv,experiments/round_metrics_20260422_225248.csv,/Users/wanghao/Desktop/risefl_mvp/experiments/tau_sweeps/20260422_141714/tau_attack_tau3_tau24_s2_j40.log,/Users/wanghao/Desktop/risefl_mvp/experiments/tau_sweeps/20260422_141714/tau_benign_tau3_tau24_s2_j40.log
3,4,3,gradual_drift,0.10,0.983330,0.192000,experiments/round_metrics_20260422_222826.csv,experiments/round_metrics_20260422_225230.csv,/Users/wanghao/Desktop/risefl_mvp/experiments/tau_sweeps/20260422_141714/tau_attack_tau3_tau24_s3_j41.log,/Users/wanghao/Desktop/risefl_mvp/experiments/tau_sweeps/20260422_141714/tau_benign_tau3_tau24_s3_j41.log
3,5,1,gradual_drift,0.10,1.000000,0.192000,experiments/round_metrics_20260422_222957.csv,experiments/round_metrics_20260422_225409.csv,/Users/wanghao/Desktop/risefl_mvp/experiments/tau_sweeps/20260422_141714/tau_attack_tau3_tau25_s1_j42.log,/Users/wanghao/Desktop/risefl_mvp/experiments/tau_sweeps/20260422_141714/tau_benign_tau3_tau25_s1_j42.log
3,5,2,gradual_drift,0.10,0.970830,0.192000,experiments/round_metrics_20260422_223004.csv,experiments/round_metrics_20260422_225405.csv,/Users/wanghao/Desktop/risefl_mvp/experiments/tau_sweeps/20260422_141714/tau_attack_tau3_tau25_s2_j43.log,/Users/wanghao/Desktop/risefl_mvp/experiments/tau_sweeps/20260422_141714/tau_benign_tau3_tau25_s2_j43.log
3,5,3,gradual_drift,0.10,0.941665,0.192000,experiments/round_metrics_20260422_231659.csv,experiments/round_metrics_20260422_234035.csv,/Users/wanghao/Desktop/risefl_mvp/experiments/tau_sweeps/20260422_141714/tau_attack_tau3_tau25_s3_j44.log,/Users/wanghao/Desktop/risefl_mvp/experiments/tau_sweeps/20260422_141714/tau_benign_tau3_tau25_s3_j44.log
4,1,1,gradual_drift,0.10,0.941665,0.192000,experiments/round_metrics_20260422_231659.csv,experiments/round_metrics_20260422_234052.csv,/Users/wanghao/Desktop/risefl_mvp/experiments/tau_sweeps/20260422_141714/tau_attack_tau4_tau21_s1_j45.log,/Users/wanghao/Desktop/risefl_mvp/experiments/tau_sweeps/20260422_141714/tau_benign_tau4_tau21_s1_j45.log
4,1,2,gradual_drift,0.10,0.983750,0.192000,experiments/round_metrics_20260422_231840.csv,experiments/round_metrics_20260422_234208.csv,/Users/wanghao/Desktop/risefl_mvp/experiments/tau_sweeps/20260422_141714/tau_attack_tau4_tau21_s2_j46.log,/Users/wanghao/Desktop/risefl_mvp/experiments/tau_sweeps/20260422_141714/tau_benign_tau4_tau21_s2_j46.log
4,1,3,gradual_drift,0.10,0.983750,0.192000,experiments/round_metrics_20260422_231840.csv,experiments/round_metrics_20260422_234218.csv,/Users/wanghao/Desktop/risefl_mvp/experiments/tau_sweeps/20260422_141714/tau_attack_tau4_tau21_s3_j47.log,/Users/wanghao/Desktop/risefl_mvp/experiments/tau_sweeps/20260422_141714/tau_benign_tau4_tau21_s3_j47.log
4,2,1,gradual_drift,0.10,0.966670,0.192000,experiments/round_metrics_20260423_000428.csv,experiments/round_metrics_20260423_002844.csv,/Users/wanghao/Desktop/risefl_mvp/experiments/tau_sweeps/20260422_141714/tau_attack_tau4_tau22_s1_j48.log,/Users/wanghao/Desktop/risefl_mvp/experiments/tau_sweeps/20260422_141714/tau_benign_tau4_tau22_s1_j48.log
4,2,2,gradual_drift,0.10,0.900000,0.192000,experiments/round_metrics_20260423_000450.csv,experiments/round_metrics_20260423_002853.csv,/Users/wanghao/Desktop/risefl_mvp/experiments/tau_sweeps/20260422_141714/tau_attack_tau4_tau22_s2_j49.log,/Users/wanghao/Desktop/risefl_mvp/experiments/tau_sweeps/20260422_141714/tau_benign_tau4_tau22_s2_j49.log
4,2,3,gradual_drift,0.10,0.987500,0.192000,experiments/round_metrics_20260423_000630.csv,experiments/round_metrics_20260423_003035.csv,/Users/wanghao/Desktop/risefl_mvp/experiments/tau_sweeps/20260422_141714/tau_attack_tau4_tau22_s3_j50.log,/Users/wanghao/Desktop/risefl_mvp/experiments/tau_sweeps/20260422_141714/tau_benign_tau4_tau22_s3_j50.log
4,3,1,gradual_drift,0.10,0.987500,0.192000,experiments/round_metrics_20260423_000630.csv,experiments/round_metrics_20260423_003021.csv,/Users/wanghao/Desktop/risefl_mvp/experiments/tau_sweeps/20260422_141714/tau_attack_tau4_tau23_s1_j51.log,/Users/wanghao/Desktop/risefl_mvp/experiments/tau_sweeps/20260422_141714/tau_benign_tau4_tau23_s1_j51.log
4,3,2,gradual_drift,0.10,0.900000,0.192000,experiments/round_metrics_20260423_005327.csv,experiments/round_metrics_20260423_011728.csv,/Users/wanghao/Desktop/risefl_mvp/experiments/tau_sweeps/20260422_141714/tau_attack_tau4_tau23_s2_j52.log,/Users/wanghao/Desktop/risefl_mvp/experiments/tau_sweeps/20260422_141714/tau_benign_tau4_tau23_s2_j52.log
4,3,3,gradual_drift,0.10,1.000000,0.192000,experiments/round_metrics_20260423_005333.csv,experiments/round_metrics_20260423_011716.csv,/Users/wanghao/Desktop/risefl_mvp/experiments/tau_sweeps/20260422_141714/tau_attack_tau4_tau23_s3_j53.log,/Users/wanghao/Desktop/risefl_mvp/experiments/tau_sweeps/20260422_141714/tau_benign_tau4_tau23_s3_j53.log
4,4,1,gradual_drift,0.10,0.992855,0.192000,experiments/round_metrics_20260423_005521.csv,experiments/round_metrics_20260423_011854.csv,/Users/wanghao/Desktop/risefl_mvp/experiments/tau_sweeps/20260422_141714/tau_attack_tau4_tau24_s1_j54.log,/Users/wanghao/Desktop/risefl_mvp/experiments/tau_sweeps/20260422_141714/tau_benign_tau4_tau24_s1_j54.log
4,4,2,gradual_drift,0.10,0.992855,0.192000,experiments/round_metrics_20260423_005521.csv,experiments/round_metrics_20260423_011856.csv,/Users/wanghao/Desktop/risefl_mvp/experiments/tau_sweeps/20260422_141714/tau_attack_tau4_tau24_s2_j55.log,/Users/wanghao/Desktop/risefl_mvp/experiments/tau_sweeps/20260422_141714/tau_benign_tau4_tau24_s2_j55.log
4,4,3,gradual_drift,0.10,0.950000,0.192000,experiments/round_metrics_20260423_014130.csv,experiments/round_metrics_20260423_020502.csv,/Users/wanghao/Desktop/risefl_mvp/experiments/tau_sweeps/20260422_141714/tau_attack_tau4_tau24_s3_j56.log,/Users/wanghao/Desktop/risefl_mvp/experiments/tau_sweeps/20260422_141714/tau_benign_tau4_tau24_s3_j56.log
4,5,1,gradual_drift,0.10,0.950000,0.192000,experiments/round_metrics_20260423_014130.csv,experiments/round_metrics_20260423_020520.csv,/Users/wanghao/Desktop/risefl_mvp/experiments/tau_sweeps/20260422_141714/tau_attack_tau4_tau25_s1_j57.log,/Users/wanghao/Desktop/risefl_mvp/experiments/tau_sweeps/20260422_141714/tau_benign_tau4_tau25_s1_j57.log
4,5,2,gradual_drift,0.10,1.000000,0.192000,experiments/round_metrics_20260423_014308.csv,experiments/round_metrics_20260423_020630.csv,/Users/wanghao/Desktop/risefl_mvp/experiments/tau_sweeps/20260422_141714/tau_attack_tau4_tau25_s2_j58.log,/Users/wanghao/Desktop/risefl_mvp/experiments/tau_sweeps/20260422_141714/tau_benign_tau4_tau25_s2_j58.log
4,5,3,gradual_drift,0.10,1.000000,0.192000,experiments/round_metrics_20260423_014308.csv,experiments/round_metrics_20260423_020612.csv,/Users/wanghao/Desktop/risefl_mvp/experiments/tau_sweeps/20260422_141714/tau_attack_tau4_tau25_s3_j59.log,/Users/wanghao/Desktop/risefl_mvp/experiments/tau_sweeps/20260422_141714/tau_benign_tau4_tau25_s3_j59.log
5,1,1,gradual_drift,0.10,0.900000,0.192000,experiments/round_metrics_20260423_022909.csv,experiments/round_metrics_20260423_025315.csv,/Users/wanghao/Desktop/risefl_mvp/experiments/tau_sweeps/20260422_141714/tau_attack_tau5_tau21_s1_j60.log,/Users/wanghao/Desktop/risefl_mvp/experiments/tau_sweeps/20260422_141714/tau_benign_tau5_tau21_s1_j60.log
5,1,2,gradual_drift,0.10,1.000000,0.192000,experiments/round_metrics_20260423_022926.csv,experiments/round_metrics_20260423_025340.csv,/Users/wanghao/Desktop/risefl_mvp/experiments/tau_sweeps/20260422_141714/tau_attack_tau5_tau21_s2_j61.log,/Users/wanghao/Desktop/risefl_mvp/experiments/tau_sweeps/20260422_141714/tau_benign_tau5_tau21_s2_j61.log
5,1,3,gradual_drift,0.10,1.000000,0.192000,experiments/round_metrics_20260423_023055.csv,experiments/round_metrics_20260423_025503.csv,/Users/wanghao/Desktop/risefl_mvp/experiments/tau_sweeps/20260422_141714/tau_attack_tau5_tau21_s3_j62.log,/Users/wanghao/Desktop/risefl_mvp/experiments/tau_sweeps/20260422_141714/tau_benign_tau5_tau21_s3_j62.log
5,2,1,gradual_drift,0.10,1.000000,0.192000,experiments/round_metrics_20260423_023055.csv,experiments/round_metrics_20260423_025458.csv,/Users/wanghao/Desktop/risefl_mvp/experiments/tau_sweeps/20260422_141714/tau_attack_tau5_tau22_s1_j63.log,/Users/wanghao/Desktop/risefl_mvp/experiments/tau_sweeps/20260422_141714/tau_benign_tau5_tau22_s1_j63.log
5,2,2,gradual_drift,0.10,1.000000,0.192000,experiments/round_metrics_20260423_031810.csv,experiments/round_metrics_20260423_034225.csv,/Users/wanghao/Desktop/risefl_mvp/experiments/tau_sweeps/20260422_141714/tau_attack_tau5_tau22_s2_j64.log,/Users/wanghao/Desktop/risefl_mvp/experiments/tau_sweeps/20260422_141714/tau_benign_tau5_tau22_s2_j64.log
5,2,3,gradual_drift,0.10,0.983330,0.192000,experiments/round_metrics_20260423_031834.csv,experiments/round_metrics_20260423_034243.csv,/Users/wanghao/Desktop/risefl_mvp/experiments/tau_sweeps/20260422_141714/tau_attack_tau5_tau22_s3_j65.log,/Users/wanghao/Desktop/risefl_mvp/experiments/tau_sweeps/20260422_141714/tau_benign_tau5_tau22_s3_j65.log
5,3,1,gradual_drift,0.10,0.981665,0.192000,experiments/round_metrics_20260423_032019.csv,experiments/round_metrics_20260423_034423.csv,/Users/wanghao/Desktop/risefl_mvp/experiments/tau_sweeps/20260422_141714/tau_attack_tau5_tau23_s1_j66.log,/Users/wanghao/Desktop/risefl_mvp/experiments/tau_sweeps/20260422_141714/tau_benign_tau5_tau23_s1_j66.log
5,3,2,gradual_drift,0.10,0.981665,0.192000,experiments/round_metrics_20260423_032019.csv,experiments/round_metrics_20260423_034425.csv,/Users/wanghao/Desktop/risefl_mvp/experiments/tau_sweeps/20260422_141714/tau_attack_tau5_tau23_s2_j67.log,/Users/wanghao/Desktop/risefl_mvp/experiments/tau_sweeps/20260422_141714/tau_benign_tau5_tau23_s2_j67.log
5,3,3,gradual_drift,0.10,0.987500,0.192000,experiments/round_metrics_20260423_040648.csv,experiments/round_metrics_20260423_043104.csv,/Users/wanghao/Desktop/risefl_mvp/experiments/tau_sweeps/20260422_141714/tau_attack_tau5_tau23_s3_j68.log,/Users/wanghao/Desktop/risefl_mvp/experiments/tau_sweeps/20260422_141714/tau_benign_tau5_tau23_s3_j68.log
5,4,1,gradual_drift,0.10,0.970910,0.192000,experiments/round_metrics_20260423_040704.csv,experiments/round_metrics_20260423_043059.csv,/Users/wanghao/Desktop/risefl_mvp/experiments/tau_sweeps/20260422_141714/tau_attack_tau5_tau24_s1_j69.log,/Users/wanghao/Desktop/risefl_mvp/experiments/tau_sweeps/20260422_141714/tau_benign_tau5_tau24_s1_j69.log
5,4,2,gradual_drift,0.10,0.980000,0.192000,experiments/round_metrics_20260423_040921.csv,experiments/round_metrics_20260423_043311.csv,/Users/wanghao/Desktop/risefl_mvp/experiments/tau_sweeps/20260422_141714/tau_attack_tau5_tau24_s2_j70.log,/Users/wanghao/Desktop/risefl_mvp/experiments/tau_sweeps/20260422_141714/tau_benign_tau5_tau24_s2_j70.log
5,4,3,gradual_drift,0.10,1.000000,0.192000,experiments/round_metrics_20260423_040922.csv,experiments/round_metrics_20260423_043254.csv,/Users/wanghao/Desktop/risefl_mvp/experiments/tau_sweeps/20260422_141714/tau_attack_tau5_tau24_s3_j71.log,/Users/wanghao/Desktop/risefl_mvp/experiments/tau_sweeps/20260422_141714/tau_benign_tau5_tau24_s3_j71.log
5,5,1,gradual_drift,0.10,1.000000,0.192000,experiments/round_metrics_20260423_045545.csv,experiments/round_metrics_20260423_051624.csv,/Users/wanghao/Desktop/risefl_mvp/experiments/tau_sweeps/20260422_141714/tau_attack_tau5_tau25_s1_j72.log,/Users/wanghao/Desktop/risefl_mvp/experiments/tau_sweeps/20260422_141714/tau_benign_tau5_tau25_s1_j72.log
5,5,2,gradual_drift,0.10,1.000000,0.192000,experiments/round_metrics_20260423_045545.csv,experiments/round_metrics_20260423_051638.csv,/Users/wanghao/Desktop/risefl_mvp/experiments/tau_sweeps/20260422_141714/tau_attack_tau5_tau25_s2_j73.log,/Users/wanghao/Desktop/risefl_mvp/experiments/tau_sweeps/20260422_141714/tau_benign_tau5_tau25_s2_j73.log
5,5,3,gradual_drift,0.10,0.935000,0.192000,experiments/round_metrics_20260423_045754.csv,experiments/round_metrics_20260423_051817.csv,/Users/wanghao/Desktop/risefl_mvp/experiments/tau_sweeps/20260422_141714/tau_attack_tau5_tau25_s3_j74.log,/Users/wanghao/Desktop/risefl_mvp/experiments/tau_sweeps/20260422_141714/tau_benign_tau5_tau25_s3_j74.log
